{"stats":{"minecraft:used":{"minecraft:cooked_mutton":11,"minecraft:stone_sword":78,"supplementaries:sack":7,"waystones:sandy_waystone":2,"minecraft:stone_pickaxe":173,"minecraft:oak_planks":5,"minecraft:wooden_pickaxe":16,"minecraft:sandstone":1,"betteranimalsplus:goose_egg":1,"minecraft:dirt":7,"minecraft:crafting_table":5,"betteranimalsplus:pheasantcooked":3,"minecraft:red_sandstone_stairs":1,"waystones:waystone":1,"minecraft:apple":4,"minecraft:sunflower":1,"minecraft:bread":1,"quark:crimson_chest":1,"minecraft:cobblestone":20,"minecraft:furnace":4,"minecraft:cooked_porkchop":13,"minecraft:oak_boat":1,"minecraft:dandelion":1},"minecraft:killed":{"minecraft:pig":8,"betteranimalsplus:pheasant":3,"minecraft:sheep":7,"mekanismadditions:baby_skeleton":1,"minecraft:zombie":4,"minecraft:chicken":1},"minecraft:crafted":{"minecraft:oak_planks":28,"minecraft:cooked_porkchop":8,"minecraft:crafting_table":3,"minecraft:wooden_pickaxe":1,"minecraft:furnace":2,"minecraft:cooked_mutton":2,"minecraft:air":0,"minecraft:oak_boat":1,"minecraft:stick":4,"minecraft:stone_pickaxe":2,"minecraft:stone_sword":1,"minecraft:stone_hoe":1},"minecraft:custom":{"minecraft:interact_with_furnace":19,"minecraft:mob_kills":23,"minecraft:interact_with_crafting_table":8,"minecraft:open_barrel":16,"minecraft:leave_game":4,"minecraft:time_since_death":32972,"minecraft:climb_one_cm":8874,"minecraft:waystone_activated":6,"minecraft:time_since_rest":33000,"minecraft:sprint_one_cm":431530,"minecraft:damage_taken":2151,"minecraft:walk_one_cm":316994,"minecraft:drop":21,"minecraft:damage_dealt":2824,"minecraft:talked_to_villager":1,"minecraft:swim_one_cm":18534,"minecraft:fly_one_cm":700574,"minecraft:open_chest":25,"minecraft:crouch_one_cm":21586,"minecraft:play_time":131752,"minecraft:deaths":2,"minecraft:sneak_time":9936,"minecraft:walk_under_water_one_cm":70192,"minecraft:boat_one_cm":150175,"minecraft:jump":3248,"minecraft:walk_on_water_one_cm":14282,"minecraft:total_world_time":131752,"minecraft:fall_one_cm":99663},"minecraft:killed_by":{"betteranimalsplus:boar":1,"minecraft:zombie":1},"minecraft:mined":{"mekanism:osmium_ore":10,"minecraft:dandelion":1,"minecraft:crafting_table":3,"gravestone:gravestone":3,"minecraft:grass_block":4,"create:scoria":1,"supplementaries:sack":7,"minecraft:red_sandstone_stairs":1,"minecraft:copper_ore":7,"minecraft:tall_grass":3,"minecraft:wall_torch":1,"minecraft:hay_block":12,"create:mechanical_saw":1,"minecraft:furnace":4,"minecraft:iron_ore":11,"minecraft:lilac":2,"treechop:chopped_log":2,"quark:deepslate_furnace":1,"minecraft:grass":10,"minecraft:oak_log":1,"minecraft:coal_ore":61,"minecraft:sandstone_wall":5,"minecraft:sand":5,"minecraft:sunflower":2,"minecraft:gravel":4,"minecraft:dirt":28,"minecraft:packed_ice":9,"quark:crimson_chest":2,"minecraft:stone":70,"supplementaries:wind_vane":1,"minecraft:oak_leaves":2,"minecraft:dark_oak_planks":1},"minecraft:dropped":{"minecraft:stone_hoe":1,"quark:seed_pouch":1,"supplementaries:sack":2,"minecraft:lilac":2,"create:mechanical_saw":1,"minecraft:rotten_flesh":2,"minecraft:leather":2,"betteranimalsplus:goose_egg":3,"minecraft:stick":2,"minecraft:dirt":25,"minecraft:torch":1,"minecraft:fire_charge":1,"gravestone:obituary":3,"minecraft:sunflower":1,"minecraft:wooden_pickaxe":1},"minecraft:broken":{"minecraft:stone_pickaxe":1},"minecraft:picked_up":{"quark:crimson_chest":2,"minecraft:crafting_table":3,"minecraft:lilac":2,"minecraft:chicken":12,"minecraft:red_sandstone_stairs":1,"minecraft:leather":2,"waystones:sandy_waystone":2,"minecraft:oak_log":13,"gravestone:obituary":2,"minecraft:dirt":32,"minecraft:raw_copper":28,"betteranimalsplus:pheasant_egg":1,"minecraft:apple":1,"minecraft:wheat_seeds":1,"minecraft:oak_boat":1,"minecraft:stone_hoe":1,"minecraft:oak_planks":2,"minecraft:furnace":4,"create:mechanical_saw":3,"minecraft:stick":10,"minecraft:raw_iron":11,"supplementaries:sack":9,"minecraft:sandstone_wall":2,"minecraft:torch":1,"minecraft:dandelion":1,"minecraft:gravel":4,"betteranimalsplus:pheasantraw":3,"minecraft:porkchop":19,"minecraft:sand":4,"quark:deepslate_furnace":1,"create:hand_crank":1,"supplementaries:wind_vane":1,"mekanism:raw_osmium":10,"minecraft:stone_sword":1,"minecraft:arrow":1,"minecraft:rotten_flesh":5,"create:scoria":1,"waystones:waystone":1,"minecraft:hay_block":12,"minecraft:oak_sapling":5,"minecraft:black_wool":2,"minecraft:mutton":11,"minecraft:coal":64,"betteranimalsplus:goose_egg":4,"minecraft:sunflower":3,"minecraft:cobblestone":73}},"DataVersion":3120}