{"stats":{"minecraft:mined":{"mekanism:osmium_ore":8,"minecraft:dandelion":1,"treechop:chopped_log":2,"gravestone:gravestone":1,"minecraft:grass":3,"minecraft:coal_ore":43,"minecraft:grass_block":2,"minecraft:oak_log":1,"minecraft:sunflower":2,"minecraft:gravel":4,"minecraft:dirt":26,"minecraft:copper_ore":7,"quark:crimson_chest":1,"minecraft:stone":66},"minecraft:picked_up":{"quark:crimson_chest":1,"minecraft:stick":7,"minecraft:dandelion":1,"minecraft:gravel":4,"minecraft:oak_log":13,"mekanism:raw_osmium":8,"minecraft:dirt":29,"minecraft:raw_copper":28,"minecraft:arrow":1,"minecraft:apple":1,"minecraft:wheat_seeds":1,"minecraft:oak_sapling":4,"minecraft:coal":43,"minecraft:cobblestone":66,"betteranimalsplus:goose_egg":4,"minecraft:sunflower":2},"minecraft:killed":{"mekanismadditions:baby_skeleton":1},"minecraft:crafted":{"minecraft:oak_planks":28,"minecraft:crafting_table":1,"minecraft:wooden_pickaxe":1,"minecraft:stone_pickaxe":1},"minecraft:killed_by":{"betteranimalsplus:boar":1},"minecraft:used":{"minecraft:sunflower":1,"minecraft:stone_pickaxe":113,"minecraft:wooden_pickaxe":11,"betteranimalsplus:goose_egg":1,"minecraft:dirt":7,"minecraft:crafting_table":1,"minecraft:dandelion":1},"minecraft:custom":{"minecraft:time_since_rest":18671,"minecraft:sprint_one_cm":44509,"minecraft:damage_taken":372,"minecraft:walk_one_cm":32236,"minecraft:mob_kills":1,"minecraft:damage_dealt":200,"minecraft:interact_with_crafting_table":2,"minecraft:fly_one_cm":54135,"minecraft:open_chest":1,"minecraft:crouch_one_cm":10815,"minecraft:play_time":20391,"minecraft:deaths":1,"minecraft:sneak_time":5179,"minecraft:walk_under_water_one_cm":2887,"minecraft:jump":269,"minecraft:leave_game":2,"minecraft:time_since_death":17420,"minecraft:walk_on_water_one_cm":1393,"minecraft:total_world_time":20391,"minecraft:fall_one_cm":5923}},"DataVersion":3120}