{"stats":{"minecraft:mined":{"mekanism:osmium_ore":8,"minecraft:furnace":2,"minecraft:lilac":2,"minecraft:dandelion":1,"treechop:chopped_log":2,"create:scoria":1,"minecraft:crafting_table":1,"gravestone:gravestone":1,"minecraft:grass":3,"minecraft:grass_block":4,"minecraft:oak_log":1,"minecraft:coal_ore":43,"minecraft:sunflower":2,"minecraft:gravel":4,"minecraft:dirt":27,"minecraft:copper_ore":7,"quark:crimson_chest":1,"minecraft:stone":66},"minecraft:picked_up":{"quark:crimson_chest":1,"minecraft:stick":7,"minecraft:crafting_table":1,"minecraft:lilac":2,"minecraft:dandelion":1,"betteranimalsplus:pheasantraw":3,"minecraft:gravel":4,"minecraft:porkchop":8,"minecraft:oak_log":13,"mekanism:raw_osmium":8,"minecraft:dirt":32,"minecraft:raw_copper":28,"betteranimalsplus:pheasant_egg":1,"minecraft:stone_sword":1,"minecraft:arrow":1,"minecraft:apple":1,"minecraft:wheat_seeds":1,"minecraft:oak_sapling":4,"minecraft:black_wool":1,"minecraft:mutton":2,"minecraft:coal":45,"minecraft:furnace":2,"betteranimalsplus:goose_egg":4,"minecraft:cobblestone":66,"minecraft:sunflower":2},"minecraft:killed":{"minecraft:sheep":1,"mekanismadditions:baby_skeleton":1,"minecraft:zombie":1,"minecraft:pig":4,"betteranimalsplus:pheasant":2},"minecraft:crafted":{"minecraft:oak_planks":28,"minecraft:cooked_porkchop":8,"minecraft:crafting_table":3,"minecraft:wooden_pickaxe":1,"minecraft:stone_pickaxe":1,"minecraft:stone_sword":1,"minecraft:furnace":2,"minecraft:air":0},"minecraft:killed_by":{"betteranimalsplus:boar":1},"minecraft:used":{"minecraft:cooked_mutton":2,"minecraft:stone_sword":19,"minecraft:sunflower":1,"minecraft:stone_pickaxe":116,"minecraft:wooden_pickaxe":11,"betteranimalsplus:goose_egg":1,"minecraft:dirt":7,"minecraft:crafting_table":3,"minecraft:furnace":2,"minecraft:cooked_porkchop":4,"minecraft:dandelion":1},"minecraft:custom":{"minecraft:time_since_rest":27165,"minecraft:interact_with_furnace":8,"minecraft:sprint_one_cm":81444,"minecraft:damage_taken":678,"minecraft:walk_one_cm":59405,"minecraft:mob_kills":9,"minecraft:damage_dealt":955,"minecraft:swim_one_cm":5064,"minecraft:interact_with_crafting_table":4,"minecraft:fly_one_cm":106693,"minecraft:open_chest":1,"minecraft:crouch_one_cm":10892,"minecraft:play_time":28885,"minecraft:deaths":1,"minecraft:sneak_time":5267,"minecraft:walk_under_water_one_cm":5316,"minecraft:jump":550,"minecraft:leave_game":2,"minecraft:time_since_death":25914,"minecraft:walk_on_water_one_cm":3141,"minecraft:total_world_time":28885,"minecraft:fall_one_cm":14636}},"DataVersion":3120}