{"stats":{"minecraft:mined":{"minecraft:dark_oak_planks":1,"mekanism:osmium_ore":8,"minecraft:dandelion":1,"minecraft:crafting_table":2,"gravestone:gravestone":1,"minecraft:grass_block":4,"create:scoria":1,"minecraft:copper_ore":7,"minecraft:furnace":2,"minecraft:lilac":2,"treechop:chopped_log":2,"minecraft:grass":4,"minecraft:oak_log":1,"minecraft:coal_ore":43,"minecraft:sunflower":2,"minecraft:gravel":4,"minecraft:dirt":28,"minecraft:packed_ice":9,"quark:crimson_chest":1,"minecraft:stone":66},"minecraft:picked_up":{"quark:crimson_chest":1,"minecraft:crafting_table":2,"minecraft:lilac":2,"minecraft:oak_log":13,"minecraft:dirt":32,"minecraft:raw_copper":28,"betteranimalsplus:pheasant_egg":1,"minecraft:apple":1,"minecraft:wheat_seeds":1,"minecraft:furnace":2,"minecraft:stick":8,"minecraft:dandelion":1,"minecraft:gravel":4,"betteranimalsplus:pheasantraw":3,"minecraft:porkchop":8,"mekanism:raw_osmium":8,"minecraft:stone_sword":1,"minecraft:arrow":1,"create:scoria":1,"minecraft:oak_sapling":4,"minecraft:black_wool":1,"minecraft:mutton":2,"minecraft:coal":45,"minecraft:cobblestone":66,"betteranimalsplus:goose_egg":4,"minecraft:sunflower":3},"minecraft:killed":{"minecraft:pig":4,"betteranimalsplus:pheasant":3,"minecraft:sheep":1,"mekanismadditions:baby_skeleton":1,"minecraft:zombie":1,"minecraft:chicken":1},"minecraft:dropped":{"minecraft:lilac":2,"minecraft:stick":1,"minecraft:sunflower":1},"minecraft:crafted":{"minecraft:oak_planks":28,"minecraft:cooked_porkchop":8,"minecraft:crafting_table":3,"minecraft:wooden_pickaxe":1,"minecraft:furnace":2,"minecraft:air":0,"minecraft:oak_boat":1,"minecraft:stone_pickaxe":1,"minecraft:stone_sword":1},"minecraft:killed_by":{"betteranimalsplus:boar":1},"minecraft:used":{"minecraft:cooked_mutton":2,"minecraft:stone_sword":27,"minecraft:stone_pickaxe":116,"minecraft:wooden_pickaxe":16,"betteranimalsplus:goose_egg":1,"minecraft:dirt":7,"minecraft:crafting_table":4,"minecraft:sunflower":1,"minecraft:furnace":2,"minecraft:cooked_porkchop":8,"minecraft:oak_boat":1,"minecraft:dandelion":1},"minecraft:custom":{"minecraft:interact_with_furnace":12,"minecraft:mob_kills":11,"minecraft:interact_with_crafting_table":6,"minecraft:leave_game":3,"minecraft:time_since_death":49192,"minecraft:climb_one_cm":3970,"minecraft:time_since_rest":50443,"minecraft:waystone_activated":1,"minecraft:sprint_one_cm":189138,"minecraft:damage_taken":743,"minecraft:walk_one_cm":85070,"minecraft:drop":3,"minecraft:damage_dealt":1051,"minecraft:swim_one_cm":8500,"minecraft:fly_one_cm":252300,"minecraft:open_chest":5,"minecraft:crouch_one_cm":12594,"minecraft:play_time":52163,"minecraft:deaths":1,"minecraft:sneak_time":6289,"minecraft:walk_under_water_one_cm":5354,"minecraft:boat_one_cm":3385,"minecraft:jump":1235,"minecraft:walk_on_water_one_cm":3432,"minecraft:total_world_time":52163,"minecraft:fall_one_cm":35550}},"DataVersion":3120}