{"stats":{"minecraft:mined":{"minecraft:grass":1,"minecraft:grass_block":1,"minecraft:dandelion":1,"minecraft:sunflower":1},"minecraft:picked_up":{"minecraft:dandelion":1,"minecraft:dirt":1,"minecraft:sunflower":1},"minecraft:killed_by":{"betteranimalsplus:boar":1},"minecraft:used":{"minecraft:dirt":1,"minecraft:dandelion":1},"minecraft:custom":{"minecraft:jump":29,"minecraft:time_since_rest":1186,"minecraft:damage_taken":252,"minecraft:leave_game":1,"minecraft:crouch_one_cm":40,"minecraft:play_time":2906,"minecraft:sprint_one_cm":3032,"minecraft:time_since_death":0,"minecraft:walk_one_cm":5053,"minecraft:deaths":1,"minecraft:sneak_time":3,"minecraft:total_world_time":2906,"minecraft:fall_one_cm":209,"minecraft:fly_one_cm":7112}},"DataVersion":3120}