{"stats":{"minecraft:killed_by":{"betteranimalsplus:boar":1,"minecraft:zombie":1},"minecraft:custom":{"minecraft:mob_kills":33,"minecraft:interact_with_crafting_table":23,"minecraft:open_barrel":16,"minecraft:leave_game":5,"minecraft:time_since_death":88020,"minecraft:climb_one_cm":8874,"minecraft:sprint_one_cm":577772,"minecraft:walk_one_cm":432581,"minecraft:drop":34,"minecraft:talked_to_villager":3,"minecraft:play_time":186800,"minecraft:deaths":2,"minecraft:sneak_time":13706,"minecraft:walk_under_water_one_cm":73832,"minecraft:boat_one_cm":150175,"minecraft:jump":4017,"minecraft:walk_on_water_one_cm":19195,"minecraft:total_world_time":186800,"minecraft:interact_with_furnace":24,"minecraft:sleep_in_bed":2,"minecraft:time_since_rest":49261,"minecraft:waystone_activated":6,"minecraft:damage_taken":2824,"minecraft:damage_dealt":4780,"minecraft:swim_one_cm":28598,"minecraft:fly_one_cm":833890,"minecraft:open_chest":84,"minecraft:crouch_one_cm":32207,"minecraft:fall_one_cm":120426},"minecraft:crafted":{"minecraft:oak_planks":72,"minecraft:furnace":4,"minecraft:cooked_mutton":2,"minecraft:iron_boots":1,"minecraft:stone_pickaxe":2,"minecraft:stone_hoe":2,"minecraft:oak_fence":6,"minecraft:wheat":108,"minecraft:wooden_shovel":1,"minecraft:cooked_porkchop":8,"minecraft:crafting_table":3,"minecraft:wooden_pickaxe":1,"minecraft:iron_sword":1,"minecraft:bucket":1,"minecraft:stone_axe":1,"minecraft:bread":36,"minecraft:air":0,"minecraft:oak_fence_gate":4,"minecraft:oak_boat":1,"minecraft:iron_chestplate":1,"minecraft:stick":40,"minecraft:iron_pickaxe":1,"minecraft:stone_sword":1,"minecraft:shears":1,"create:experience_block":2},"minecraft:picked_up":{"quark:crimson_chest":2,"minecraft:crafting_table":3,"minecraft:red_sandstone_stairs":1,"minecraft:chicken":12,"gravestone:obituary":2,"minecraft:raw_copper":73,"quark:indigo_corundum":3,"minecraft:bucket":1,"minecraft:oak_boat":1,"minecraft:wooden_shovel":1,"minecraft:furnace":4,"minecraft:stick":14,"minecraft:raw_iron":23,"minecraft:oak_fence":6,"minecraft:torch":6,"quark:yellow_corundum_cluster":1,"minecraft:porkchop":19,"minecraft:sandstone_wall":2,"quark:deepslate_furnace":1,"create:hand_crank":3,"minecraft:stone_sword":1,"minecraft:arrow":9,"minecraft:rotten_flesh":6,"create:scoria":1,"minecraft:shears":1,"minecraft:hay_block":12,"quark:indigo_corundum_cluster":6,"minecraft:mutton":11,"minecraft:cobblestone":138,"betteranimalsplus:goose_egg":4,"minecraft:lilac":2,"minecraft:andesite":27,"minecraft:leather":2,"minecraft:flint":2,"waystones:sandy_waystone":2,"create:raw_zinc":13,"minecraft:oak_log":23,"minecraft:gunpowder":1,"minecraft:dirt":64,"betteranimalsplus:pheasant_egg":1,"minecraft:bone":6,"minecraft:apple":1,"minecraft:wheat_seeds":13,"minecraft:iron_ingot":1,"minecraft:oak_fence_gate":2,"minecraft:stripped_oak_wood":2,"minecraft:oak_planks":30,"minecraft:stone_hoe":1,"create:mechanical_saw":7,"betteranimalsplus:crab_meat_raw":3,"supplementaries:sack":11,"minecraft:dandelion":1,"minecraft:gravel":41,"betteranimalsplus:pheasantraw":3,"minecraft:sand":5,"minecraft:white_bed":2,"supplementaries:wind_vane":1,"mekanism:raw_osmium":10,"waystones:waystone":1,"minecraft:bone_meal":1,"minecraft:oak_sapling":5,"minecraft:black_wool":2,"minecraft:coal":67,"minecraft:sunflower":3},"minecraft:used":{"minecraft:oak_fence":10,"minecraft:stone_sword":127,"waystones:sandy_waystone":2,"minecraft:wooden_shovel":52,"minecraft:stone_hoe":101,"minecraft:dirt":20,"betteranimalsplus:pheasantcooked":3,"minecraft:carrot":6,"minecraft:oak_fence_gate":6,"minecraft:red_sandstone_stairs":1,"quark:deepslate_furnace":1,"minecraft:furnace":8,"minecraft:potato":22,"minecraft:cooked_mutton":11,"minecraft:water_bucket":11,"supplementaries:sack":7,"minecraft:stone_pickaxe":259,"minecraft:baked_potato":3,"minecraft:oak_planks":41,"minecraft:wooden_pickaxe":16,"minecraft:sandstone":1,"create:mechanical_saw":4,"betteranimalsplus:goose_egg":1,"minecraft:crafting_table":6,"minecraft:white_bed":2,"waystones:waystone":1,"minecraft:apple":4,"minecraft:sunflower":1,"minecraft:bread":8,"minecraft:iron_pickaxe":54,"quark:crimson_chest":2,"minecraft:gravel":9,"minecraft:stone_axe":57,"minecraft:cobblestone":21,"minecraft:cooked_porkchop":17,"minecraft:bucket":11,"betteranimalsplus:crab_meat_raw":3,"minecraft:oak_boat":1,"create:hand_crank":2,"minecraft:dandelion":1},"minecraft:dropped":{"minecraft:stone_hoe":1,"minecraft:wheat_seeds":12,"minecraft:lilac":2,"create:mechanical_saw":1,"minecraft:cobblestone":3,"minecraft:leather":2,"betteranimalsplus:goose_egg":3,"minecraft:stick":2,"minecraft:dirt":31,"minecraft:torch":1,"minecraft:fire_charge":1,"gravestone:obituary":3,"minecraft:bone_meal":1,"minecraft:sunflower":1,"minecraft:sand":2,"minecraft:bone":3,"quark:seed_pouch":1,"supplementaries:sack":2,"minecraft:rotten_flesh":3,"minecraft:arrow":5,"minecraft:wooden_pickaxe":1},"minecraft:broken":{"minecraft:stone_pickaxe":2},"minecraft:killed":{"minecraft:skeleton":5,"mekanismadditions:baby_skeleton":2,"minecraft:chicken":1,"minecraft:pig":8,"betteranimalsplus:pheasant":3,"minecraft:creeper":1,"minecraft:sheep":7,"minecraft:zombie":5,"betteranimalsplus:crab":2},"minecraft:mined":{"minecraft:dark_oak_planks":1,"create:zinc_ore":13,"minecraft:white_bed":2,"gravestone:gravestone":3,"minecraft:grass_block":22,"minecraft:red_sandstone_stairs":1,"minecraft:hay_block":12,"minecraft:furnace":4,"minecraft:iron_ore":23,"minecraft:andesite":27,"treechop:chopped_log":2,"minecraft:dirt_path":6,"quark:indigo_corundum":4,"minecraft:packed_ice":9,"minecraft:stone":134,"mekanism:osmium_ore":10,"minecraft:glass_pane":2,"minecraft:dandelion":1,"minecraft:oak_fence":6,"minecraft:crafting_table":3,"create:scoria":1,"supplementaries:sack":9,"minecraft:tall_grass":3,"minecraft:copper_ore":19,"minecraft:oak_planks":28,"minecraft:wall_torch":2,"create:mechanical_saw":5,"minecraft:lilac":2,"minecraft:stripped_oak_wood":2,"quark:deepslate_furnace":1,"minecraft:grass":71,"minecraft:coal_ore":64,"minecraft:oak_log":12,"minecraft:oak_fence_gate":2,"create:hand_crank":1,"minecraft:dirt":36,"minecraft:sunflower":2,"minecraft:gravel":43,"minecraft:sand":5,"quark:yellow_corundum_cluster":1,"minecraft:sandstone_wall":5,"quark:indigo_corundum_cluster":4,"quark:crimson_chest":2,"supplementaries:wind_vane":1,"minecraft:oak_leaves":2}},"DataVersion":3120}