{"stats":{"minecraft:mined":{"minecraft:dandelion":1,"treechop:chopped_log":2,"gravestone:gravestone":1,"minecraft:grass":3,"minecraft:coal_ore":6,"minecraft:grass_block":2,"minecraft:oak_log":1,"minecraft:sunflower":2,"minecraft:gravel":4,"minecraft:dirt":26,"quark:crimson_chest":1,"minecraft:stone":12},"minecraft:picked_up":{"quark:crimson_chest":1,"minecraft:stick":7,"minecraft:dandelion":1,"minecraft:gravel":4,"minecraft:oak_log":13,"minecraft:dirt":29,"minecraft:arrow":1,"minecraft:apple":1,"minecraft:wheat_seeds":1,"minecraft:oak_sapling":4,"minecraft:coal":6,"minecraft:cobblestone":12,"betteranimalsplus:goose_egg":4,"minecraft:sunflower":2},"minecraft:killed":{"mekanismadditions:baby_skeleton":1},"minecraft:crafted":{"minecraft:oak_planks":28,"minecraft:crafting_table":1,"minecraft:wooden_pickaxe":1,"minecraft:stone_pickaxe":1},"minecraft:killed_by":{"betteranimalsplus:boar":1},"minecraft:used":{"minecraft:sunflower":1,"minecraft:stone_pickaxe":7,"minecraft:wooden_pickaxe":11,"minecraft:dirt":7,"minecraft:crafting_table":1,"minecraft:dandelion":1},"minecraft:custom":{"minecraft:time_since_rest":13186,"minecraft:sprint_one_cm":44509,"minecraft:damage_taken":372,"minecraft:walk_one_cm":28777,"minecraft:mob_kills":1,"minecraft:damage_dealt":200,"minecraft:interact_with_crafting_table":2,"minecraft:fly_one_cm":54135,"minecraft:open_chest":1,"minecraft:crouch_one_cm":5234,"minecraft:play_time":14906,"minecraft:deaths":1,"minecraft:sneak_time":2158,"minecraft:walk_under_water_one_cm":2887,"minecraft:jump":246,"minecraft:leave_game":1,"minecraft:time_since_death":11935,"minecraft:walk_on_water_one_cm":1393,"minecraft:total_world_time":14906,"minecraft:fall_one_cm":5923}},"DataVersion":3120}