{"stats":{"minecraft:mined":{"minecraft:dark_oak_planks":1,"mekanism:osmium_ore":8,"minecraft:dandelion":1,"minecraft:crafting_table":2,"gravestone:gravestone":1,"minecraft:grass_block":4,"create:scoria":1,"supplementaries:sack":2,"minecraft:red_sandstone_stairs":1,"minecraft:copper_ore":7,"minecraft:hay_block":12,"minecraft:furnace":2,"minecraft:iron_ore":1,"minecraft:lilac":2,"treechop:chopped_log":2,"minecraft:grass":7,"minecraft:oak_log":1,"minecraft:coal_ore":43,"minecraft:sunflower":2,"minecraft:gravel":4,"minecraft:dirt":28,"minecraft:packed_ice":9,"quark:crimson_chest":1,"minecraft:stone":68},"minecraft:picked_up":{"quark:crimson_chest":1,"minecraft:crafting_table":2,"minecraft:lilac":2,"minecraft:chicken":12,"minecraft:red_sandstone_stairs":1,"minecraft:oak_log":13,"minecraft:dirt":32,"minecraft:raw_copper":28,"betteranimalsplus:pheasant_egg":1,"minecraft:apple":1,"minecraft:wheat_seeds":1,"minecraft:oak_boat":1,"minecraft:stone_hoe":1,"minecraft:oak_planks":2,"minecraft:furnace":2,"minecraft:stick":10,"minecraft:raw_iron":1,"supplementaries:sack":2,"minecraft:dandelion":1,"minecraft:gravel":4,"betteranimalsplus:pheasantraw":3,"minecraft:porkchop":19,"mekanism:raw_osmium":8,"minecraft:stone_sword":1,"minecraft:arrow":1,"create:scoria":1,"minecraft:hay_block":12,"minecraft:oak_sapling":4,"minecraft:black_wool":2,"minecraft:mutton":11,"minecraft:coal":45,"minecraft:cobblestone":71,"betteranimalsplus:goose_egg":4,"minecraft:sunflower":3},"minecraft:killed":{"minecraft:pig":8,"betteranimalsplus:pheasant":3,"minecraft:sheep":7,"mekanismadditions:baby_skeleton":1,"minecraft:zombie":1,"minecraft:chicken":1},"minecraft:dropped":{"minecraft:stone_hoe":1,"quark:seed_pouch":1,"minecraft:lilac":2,"betteranimalsplus:goose_egg":3,"minecraft:stick":2,"minecraft:dirt":25,"minecraft:sunflower":1},"minecraft:crafted":{"minecraft:oak_planks":28,"minecraft:cooked_porkchop":8,"minecraft:crafting_table":3,"minecraft:wooden_pickaxe":1,"minecraft:furnace":2,"minecraft:cooked_mutton":2,"minecraft:air":0,"minecraft:oak_boat":1,"minecraft:stick":4,"minecraft:stone_pickaxe":2,"minecraft:stone_sword":1,"minecraft:stone_hoe":1},"minecraft:killed_by":{"betteranimalsplus:boar":1},"minecraft:used":{"minecraft:cooked_mutton":2,"supplementaries:sack":2,"minecraft:stone_sword":50,"minecraft:stone_pickaxe":121,"minecraft:wooden_pickaxe":16,"betteranimalsplus:goose_egg":1,"minecraft:dirt":7,"minecraft:crafting_table":5,"betteranimalsplus:pheasantcooked":2,"minecraft:red_sandstone_stairs":1,"minecraft:apple":4,"minecraft:sunflower":1,"minecraft:bread":1,"quark:crimson_chest":1,"minecraft:furnace":4,"minecraft:cooked_porkchop":8,"minecraft:oak_boat":1,"minecraft:dandelion":1},"minecraft:custom":{"minecraft:interact_with_furnace":19,"minecraft:mob_kills":21,"minecraft:interact_with_crafting_table":8,"minecraft:open_barrel":9,"minecraft:leave_game":3,"minecraft:time_since_death":73192,"minecraft:climb_one_cm":5690,"minecraft:time_since_rest":74443,"minecraft:waystone_activated":2,"minecraft:sprint_one_cm":286256,"minecraft:damage_taken":955,"minecraft:walk_one_cm":123853,"minecraft:drop":8,"minecraft:damage_dealt":1931,"minecraft:swim_one_cm":10251,"minecraft:fly_one_cm":375737,"minecraft:open_chest":14,"minecraft:crouch_one_cm":14342,"minecraft:play_time":76163,"minecraft:deaths":1,"minecraft:sneak_time":6713,"minecraft:walk_under_water_one_cm":5436,"minecraft:boat_one_cm":150175,"minecraft:jump":1848,"minecraft:walk_on_water_one_cm":4091,"minecraft:total_world_time":76163,"minecraft:fall_one_cm":50796}},"DataVersion":3120}