{"stats":{"minecraft:mined":{"minecraft:dark_oak_planks":1,"mekanism:osmium_ore":8,"minecraft:dandelion":1,"minecraft:crafting_table":2,"gravestone:gravestone":2,"minecraft:grass_block":4,"create:scoria":1,"supplementaries:sack":4,"minecraft:red_sandstone_stairs":1,"minecraft:copper_ore":7,"minecraft:wall_torch":1,"create:mechanical_saw":1,"minecraft:hay_block":12,"minecraft:furnace":2,"minecraft:iron_ore":1,"minecraft:lilac":2,"treechop:chopped_log":2,"minecraft:grass":7,"minecraft:oak_log":1,"minecraft:coal_ore":43,"minecraft:sand":1,"minecraft:sunflower":2,"minecraft:gravel":4,"minecraft:dirt":28,"minecraft:packed_ice":9,"quark:crimson_chest":1,"minecraft:stone":68,"minecraft:oak_leaves":2},"minecraft:picked_up":{"quark:crimson_chest":1,"minecraft:crafting_table":2,"minecraft:lilac":2,"minecraft:chicken":12,"minecraft:red_sandstone_stairs":1,"waystones:sandy_waystone":1,"minecraft:oak_log":13,"minecraft:dirt":32,"minecraft:raw_copper":28,"betteranimalsplus:pheasant_egg":1,"minecraft:apple":1,"minecraft:wheat_seeds":1,"minecraft:oak_boat":1,"minecraft:stone_hoe":1,"minecraft:oak_planks":2,"create:mechanical_saw":1,"minecraft:furnace":2,"minecraft:stick":10,"minecraft:raw_iron":1,"supplementaries:sack":4,"minecraft:torch":1,"minecraft:dandelion":1,"minecraft:gravel":4,"betteranimalsplus:pheasantraw":3,"minecraft:porkchop":19,"minecraft:sand":1,"create:hand_crank":1,"mekanism:raw_osmium":8,"minecraft:stone_sword":1,"minecraft:arrow":1,"create:scoria":1,"waystones:waystone":1,"minecraft:hay_block":12,"minecraft:oak_sapling":5,"minecraft:black_wool":2,"minecraft:mutton":11,"minecraft:coal":45,"minecraft:cobblestone":71,"betteranimalsplus:goose_egg":4,"minecraft:sunflower":3},"minecraft:killed":{"minecraft:pig":8,"betteranimalsplus:pheasant":3,"minecraft:sheep":7,"mekanismadditions:baby_skeleton":1,"minecraft:zombie":1,"minecraft:chicken":1},"minecraft:dropped":{"minecraft:stone_hoe":1,"quark:seed_pouch":1,"minecraft:lilac":2,"betteranimalsplus:goose_egg":3,"minecraft:stick":2,"minecraft:dirt":25,"minecraft:sunflower":1},"minecraft:crafted":{"minecraft:oak_planks":28,"minecraft:cooked_porkchop":8,"minecraft:crafting_table":3,"minecraft:wooden_pickaxe":1,"minecraft:furnace":2,"minecraft:cooked_mutton":2,"minecraft:air":0,"minecraft:oak_boat":1,"minecraft:stick":4,"minecraft:stone_pickaxe":2,"minecraft:stone_sword":1,"minecraft:stone_hoe":1},"minecraft:killed_by":{"betteranimalsplus:boar":1},"minecraft:used":{"minecraft:cooked_mutton":5,"waystones:sandy_waystone":1,"supplementaries:sack":2,"minecraft:stone_sword":52,"minecraft:stone_pickaxe":127,"minecraft:wooden_pickaxe":16,"betteranimalsplus:goose_egg":1,"minecraft:dirt":7,"minecraft:crafting_table":5,"betteranimalsplus:pheasantcooked":3,"minecraft:red_sandstone_stairs":1,"minecraft:apple":4,"minecraft:sunflower":1,"minecraft:bread":1,"quark:crimson_chest":1,"minecraft:furnace":4,"minecraft:cooked_porkchop":10,"minecraft:oak_boat":1,"minecraft:dandelion":1},"minecraft:custom":{"minecraft:interact_with_furnace":19,"minecraft:mob_kills":21,"minecraft:interact_with_crafting_table":8,"minecraft:open_barrel":15,"minecraft:leave_game":3,"minecraft:time_since_death":85192,"minecraft:climb_one_cm":6806,"minecraft:time_since_rest":86443,"minecraft:waystone_activated":4,"minecraft:sprint_one_cm":368196,"minecraft:damage_taken":1235,"minecraft:walk_one_cm":132438,"minecraft:drop":8,"minecraft:damage_dealt":1931,"minecraft:swim_one_cm":13704,"minecraft:fly_one_cm":506060,"minecraft:open_chest":19,"minecraft:crouch_one_cm":15441,"minecraft:play_time":88163,"minecraft:deaths":1,"minecraft:sneak_time":7226,"minecraft:walk_under_water_one_cm":6218,"minecraft:boat_one_cm":150175,"minecraft:jump":2316,"minecraft:walk_on_water_one_cm":4928,"minecraft:total_world_time":88163,"minecraft:fall_one_cm":69997}},"DataVersion":3120}