{"stats":{"minecraft:mined":{"create:andesite_casing":1,"minecraft:crafting_table":2,"gravestone:gravestone":4,"minecraft:grass_block":16,"minecraft:spawner":1,"quark:dark_oak_trapped_chest":1,"minecraft:furnace":1,"minecraft:iron_ore":4,"treechop:chopped_log":7,"minecraft:grass":7,"minecraft:coal_ore":34,"create:mechanical_bearing":1,"minecraft:sunflower":1,"create:red_seat":3,"minecraft:sand":7,"minecraft:dirt":49,"minecraft:stone":81,"minecraft:oak_leaves":6},"minecraft:picked_up":{"minecraft:crafting_table":2,"minecraft:tripwire_hook":1,"minecraft:oak_log":34,"minecraft:dirt":64,"minecraft:paper":9,"minecraft:cooked_mutton":1,"minecraft:apple":1,"quark:dark_oak_trapped_chest":1,"minecraft:written_book":2,"minecraft:light_gray_wool":2,"minecraft:furnace":1,"minecraft:stick":7,"minecraft:raw_iron":3,"create:andesite_casing":1,"minecraft:gravel":2,"minecraft:sand":7,"create:hand_crank":1,"minecraft:rotten_flesh":5,"create:experience_nugget":3,"minecraft:gray_wool":1,"minecraft:emerald":2,"create:red_seat":3,"minecraft:oak_sapling":15,"minecraft:mutton":16,"minecraft:coal":34,"minecraft:cobblestone":81,"minecraft:white_wool":8,"betteranimalsplus:goose_egg":4},"minecraft:killed":{"minecraft:sheep":10,"minecraft:zombie":1},"minecraft:dropped":{"minecraft:gravel":2,"minecraft:light_gray_wool":1,"minecraft:cooked_mutton":5,"minecraft:gray_wool":1,"gravestone:obituary":1,"minecraft:wooden_pickaxe":1},"minecraft:crafted":{"minecraft:oak_planks":32,"minecraft:crafting_table":1,"minecraft:wooden_pickaxe":1,"minecraft:furnace":1,"minecraft:stone_axe":1,"minecraft:cooked_mutton":16,"minecraft:air":0,"minecraft:stick":4,"minecraft:stone_pickaxe":1,"minecraft:stone_sword":1},"minecraft:killed_by":{"minecraft:skeleton":1,"minecraft:zombie":2},"minecraft:used":{"minecraft:cooked_mutton":7,"minecraft:stone_sword":21,"minecraft:stone_pickaxe":79,"minecraft:wooden_pickaxe":45,"minecraft:dirt":47,"minecraft:sand":2,"minecraft:crafting_table":2,"minecraft:stone_axe":36,"minecraft:furnace":1},"minecraft:custom":{"minecraft:interact_with_furnace":5,"minecraft:mob_kills":13,"minecraft:interact_with_crafting_table":3,"minecraft:time_since_death":20742,"minecraft:climb_one_cm":140,"minecraft:time_since_rest":20771,"minecraft:sprint_one_cm":53023,"minecraft:damage_taken":1085,"minecraft:walk_one_cm":120014,"minecraft:trigger_trapped_chest":2,"minecraft:drop":11,"minecraft:damage_dealt":1185,"minecraft:swim_one_cm":32384,"minecraft:fly_one_cm":132980,"minecraft:crouch_one_cm":1680,"minecraft:play_time":53366,"minecraft:deaths":4,"minecraft:sneak_time":472,"minecraft:walk_under_water_one_cm":3530,"minecraft:jump":837,"minecraft:walk_on_water_one_cm":6964,"minecraft:total_world_time":53366,"minecraft:fall_one_cm":15997}},"DataVersion":3120}