{"stats":{"minecraft:mined":{"treechop:chopped_log":2,"minecraft:crafting_table":1,"gravestone:gravestone":2,"minecraft:grass":7,"minecraft:grass_block":16,"minecraft:coal_ore":19,"minecraft:dirt":48,"minecraft:sand":7,"minecraft:stone":52,"minecraft:oak_leaves":5},"minecraft:picked_up":{"minecraft:stick":4,"minecraft:crafting_table":1,"minecraft:sand":7,"minecraft:oak_log":8,"minecraft:dirt":63,"minecraft:rotten_flesh":5,"minecraft:oak_sapling":5,"minecraft:mutton":2,"minecraft:coal":19,"minecraft:white_wool":1,"minecraft:cobblestone":52},"minecraft:killed":{"minecraft:sheep":1,"minecraft:zombie":1},"minecraft:crafted":{"minecraft:oak_planks":32,"minecraft:crafting_table":1,"minecraft:stick":4,"minecraft:wooden_pickaxe":1,"minecraft:stone_pickaxe":1,"minecraft:stone_sword":1,"minecraft:stone_axe":1},"minecraft:killed_by":{"minecraft:zombie":2},"minecraft:used":{"minecraft:stone_sword":2,"minecraft:stone_pickaxe":27,"minecraft:wooden_pickaxe":45,"minecraft:stone_axe":1,"minecraft:sand":2,"minecraft:dirt":44,"minecraft:crafting_table":1},"minecraft:custom":{"minecraft:time_since_rest":18654,"minecraft:sprint_one_cm":13209,"minecraft:damage_taken":515,"minecraft:walk_one_cm":76835,"minecraft:mob_kills":4,"minecraft:damage_dealt":461,"minecraft:interact_with_crafting_table":2,"minecraft:fly_one_cm":40953,"minecraft:crouch_one_cm":1545,"minecraft:play_time":29366,"minecraft:deaths":2,"minecraft:sneak_time":413,"minecraft:walk_under_water_one_cm":713,"minecraft:jump":321,"minecraft:time_since_death":18625,"minecraft:walk_on_water_one_cm":4406,"minecraft:total_world_time":29366,"minecraft:fall_one_cm":4718}},"DataVersion":3120}