{"stats":{"minecraft:mined":{"create:andesite_casing":1,"minecraft:powder_snow":1,"minecraft:crafting_table":2,"gravestone:gravestone":4,"minecraft:grass_block":16,"minecraft:spawner":1,"quark:dark_oak_trapped_chest":2,"minecraft:furnace":1,"minecraft:iron_ore":4,"treechop:chopped_log":7,"minecraft:grass":7,"minecraft:coal_ore":35,"create:mechanical_bearing":1,"minecraft:iron_bars":2,"minecraft:sunflower":1,"create:red_seat":3,"minecraft:sand":7,"minecraft:dirt":49,"minecraft:packed_ice":3,"minecraft:stone":81,"minecraft:oak_leaves":6},"minecraft:picked_up":{"minecraft:crafting_table":2,"minecraft:tripwire_hook":1,"minecraft:leather":1,"betteranimalsplus:venisonraw":6,"minecraft:oak_log":34,"gravestone:obituary":1,"minecraft:dirt":64,"minecraft:paper":9,"betteranimalsplus:pheasant_egg":1,"minecraft:cooked_mutton":1,"minecraft:apple":1,"quark:dark_oak_trapped_chest":2,"betteranimalsplus:antler":4,"minecraft:written_book":2,"minecraft:light_gray_wool":2,"betteranimalsplus:reindeerhead_3":1,"minecraft:furnace":1,"minecraft:stick":7,"minecraft:raw_iron":3,"create:andesite_casing":1,"minecraft:gravel":2,"minecraft:sand":7,"create:hand_crank":1,"minecraft:rotten_flesh":5,"create:experience_nugget":3,"minecraft:gray_wool":1,"minecraft:emerald":2,"create:red_seat":3,"minecraft:oak_sapling":15,"minecraft:mutton":18,"minecraft:coal":35,"minecraft:cobblestone":81,"minecraft:white_wool":8,"betteranimalsplus:goose_egg":5},"minecraft:killed":{"minecraft:sheep":12,"minecraft:zombie":2,"betteranimalsplus:reindeer":4},"minecraft:dropped":{"minecraft:gravel":2,"minecraft:rotten_flesh":5,"minecraft:light_gray_wool":1,"minecraft:leather":1,"minecraft:cooked_mutton":5,"betteranimalsplus:goose_egg":4,"minecraft:gray_wool":1,"gravestone:obituary":2,"minecraft:sand":5,"minecraft:wooden_pickaxe":1},"minecraft:crafted":{"minecraft:oak_planks":32,"minecraft:crafting_table":1,"minecraft:wooden_pickaxe":1,"minecraft:furnace":1,"minecraft:stone_axe":1,"minecraft:cooked_mutton":16,"minecraft:air":0,"minecraft:stick":4,"minecraft:stone_pickaxe":1,"minecraft:stone_sword":1},"minecraft:killed_by":{"minecraft:skeleton":1,"minecraft:zombie":2},"minecraft:used":{"minecraft:cooked_mutton":12,"minecraft:stone_sword":53,"minecraft:stone_pickaxe":82,"minecraft:wooden_pickaxe":45,"betteranimalsplus:pheasant_egg":1,"betteranimalsplus:goose_egg":1,"minecraft:dirt":47,"minecraft:sand":2,"minecraft:crafting_table":2,"minecraft:stone_axe":37,"minecraft:furnace":1},"minecraft:custom":{"minecraft:interact_with_furnace":5,"minecraft:mob_kills":20,"minecraft:interact_with_crafting_table":3,"minecraft:leave_game":1,"minecraft:time_since_death":423,"minecraft:climb_one_cm":140,"minecraft:time_since_rest":449,"minecraft:waystone_activated":1,"minecraft:sprint_one_cm":106286,"minecraft:damage_taken":1575,"minecraft:walk_one_cm":145461,"minecraft:trigger_trapped_chest":2,"minecraft:drop":16,"minecraft:damage_dealt":2424,"minecraft:swim_one_cm":35295,"minecraft:fly_one_cm":255861,"minecraft:crouch_one_cm":1732,"minecraft:play_time":67570,"minecraft:deaths":6,"minecraft:sneak_time":483,"minecraft:walk_under_water_one_cm":3742,"minecraft:jump":1573,"minecraft:walk_on_water_one_cm":7117,"minecraft:total_world_time":67570,"minecraft:fall_one_cm":41018}},"DataVersion":3120}