{"stats":{"minecraft:mined":{"gravestone:gravestone":2,"minecraft:grass":7,"minecraft:grass_block":10,"minecraft:sand":7,"minecraft:dirt":43,"treechop:chopped_log":2,"minecraft:oak_leaves":5},"minecraft:picked_up":{"minecraft:stick":4,"minecraft:rotten_flesh":5,"minecraft:sand":7,"minecraft:oak_log":8,"minecraft:oak_sapling":5,"minecraft:dirt":53},"minecraft:killed":{"minecraft:zombie":1},"minecraft:crafted":{"minecraft:oak_planks":32,"minecraft:crafting_table":1},"minecraft:killed_by":{"minecraft:zombie":2},"minecraft:used":{"minecraft:dirt":30,"minecraft:sand":2},"minecraft:custom":{"minecraft:time_since_rest":6654,"minecraft:crouch_one_cm":1125,"minecraft:play_time":17366,"minecraft:sprint_one_cm":6877,"minecraft:walk_one_cm":40750,"minecraft:damage_taken":515,"minecraft:deaths":2,"minecraft:sneak_time":345,"minecraft:mob_kills":3,"minecraft:jump":128,"minecraft:damage_dealt":381,"minecraft:time_since_death":6625,"minecraft:total_world_time":17366,"minecraft:fall_one_cm":3044,"minecraft:fly_one_cm":17300}},"DataVersion":3120}