{"stats":{"minecraft:mined":{"minecraft:iron_ore":4,"treechop:chopped_log":2,"minecraft:crafting_table":1,"gravestone:gravestone":4,"minecraft:grass":7,"minecraft:grass_block":16,"minecraft:coal_ore":22,"minecraft:sunflower":1,"minecraft:dirt":49,"minecraft:sand":7,"minecraft:stone":69,"minecraft:oak_leaves":5},"minecraft:picked_up":{"minecraft:raw_iron":3,"minecraft:stick":4,"minecraft:crafting_table":1,"minecraft:sand":7,"minecraft:oak_log":8,"minecraft:dirt":64,"minecraft:rotten_flesh":5,"minecraft:gray_wool":1,"minecraft:light_gray_wool":1,"minecraft:oak_sapling":5,"minecraft:mutton":16,"minecraft:coal":22,"minecraft:white_wool":8,"minecraft:cobblestone":69},"minecraft:killed":{"minecraft:sheep":10,"minecraft:zombie":1},"minecraft:crafted":{"minecraft:oak_planks":32,"minecraft:crafting_table":1,"minecraft:stick":4,"minecraft:wooden_pickaxe":1,"minecraft:stone_pickaxe":1,"minecraft:stone_sword":1,"minecraft:furnace":1,"minecraft:stone_axe":1},"minecraft:killed_by":{"minecraft:skeleton":1,"minecraft:zombie":2},"minecraft:used":{"minecraft:stone_sword":21,"minecraft:stone_pickaxe":51,"minecraft:wooden_pickaxe":45,"minecraft:stone_axe":1,"minecraft:sand":2,"minecraft:dirt":47,"minecraft:crafting_table":2,"minecraft:furnace":1},"minecraft:custom":{"minecraft:time_since_rest":8771,"minecraft:interact_with_furnace":2,"minecraft:sprint_one_cm":34498,"minecraft:damage_taken":905,"minecraft:walk_one_cm":89560,"minecraft:mob_kills":13,"minecraft:damage_dealt":1185,"minecraft:swim_one_cm":23851,"minecraft:interact_with_crafting_table":3,"minecraft:fly_one_cm":92493,"minecraft:crouch_one_cm":1545,"minecraft:play_time":41366,"minecraft:deaths":4,"minecraft:sneak_time":413,"minecraft:walk_under_water_one_cm":2091,"minecraft:jump":531,"minecraft:time_since_death":8742,"minecraft:walk_on_water_one_cm":6249,"minecraft:total_world_time":41366,"minecraft:fall_one_cm":9974}},"DataVersion":3120}