{"stats":{"minecraft:used":{"minecraft:stone_sword":53,"minecraft:iron_sword":85,"minecraft:cooked_salmon":7,"minecraft:oak_door":8,"supplementaries:globe":2,"minecraft:torch":2,"minecraft:dirt":64,"minecraft:carrot":39,"minecraft:granite":1,"minecraft:bricks":3,"minecraft:written_book":2,"minecraft:sweet_berries":18,"minecraft:furnace":4,"minecraft:cooked_cod":2,"minecraft:potato":7,"minecraft:pumpkin":1,"betteranimalsplus:venisoncooked":6,"minecraft:cooked_mutton":15,"minecraft:wheat_seeds":45,"minecraft:water_bucket":14,"supplementaries:sack":3,"minecraft:glass_bottle":1,"minecraft:stone_pickaxe":221,"minecraft:baked_potato":10,"minecraft:wooden_pickaxe":58,"create:red_seat":4,"betteranimalsplus:pheasant_egg":1,"quark:dark_oak_trapped_chest":3,"betteranimalsplus:goose_egg":2,"minecraft:mossy_cobblestone":1,"minecraft:sand":5,"minecraft:crafting_table":9,"waystones:waystone":1,"minecraft:black_wool":1,"minecraft:bread":29,"minecraft:suspicious_stew":1,"minecraft:stone_axe":69,"minecraft:cobblestone":52,"minecraft:potion":1,"quark:spruce_ladder":1,"minecraft:bucket":15,"betteranimalsplus:crab_meat_raw":1,"minecraft:oak_boat":5,"minecraft:bone_meal":12,"minecraft:experience_bottle":2},"minecraft:mined":{"minecraft:spruce_planks":3,"create:millstone":1,"minecraft:mossy_cobblestone":1,"minecraft:oak_door":4,"create:andesite_casing":1,"gravestone:gravestone":8,"minecraft:granite":1,"minecraft:dark_oak_fence":2,"minecraft:grass_block":16,"quark:acacia_bookshelf":2,"minecraft:kelp":4,"minecraft:sandstone":1,"minecraft:spawner":2,"minecraft:tall_seagrass":2,"quark:blossom_chest":1,"create:shaft":6,"minecraft:furnace":6,"minecraft:iron_ore":4,"minecraft:pumpkin":1,"treechop:chopped_log":7,"create:windmill_bearing":1,"minecraft:bookshelf":3,"minecraft:iron_bars":2,"create:red_seat":4,"minecraft:packed_ice":12,"minecraft:stone":89,"create:andesite_encased_large_cogwheel":1,"create:cogwheel":1,"quark:blossom_bookshelf":4,"minecraft:kelp_plant":8,"minecraft:dandelion":1,"minecraft:powder_snow":1,"quark:spruce_bookshelf":5,"minecraft:crafting_table":4,"minecraft:blast_furnace":1,"supplementaries:sack":6,"minecraft:cobblestone":26,"minecraft:oak_planks":2,"minecraft:wall_torch":1,"supplementaries:urn":2,"minecraft:seagrass":5,"quark:dark_oak_trapped_chest":5,"create:gearbox":2,"minecraft:wheat":39,"quark:spruce_ladder":1,"minecraft:spruce_log":4,"minecraft:grass":15,"minecraft:coal_ore":118,"create:mechanical_bearing":1,"minecraft:sunflower":1,"minecraft:gravel":2,"minecraft:sand":11,"minecraft:dirt":54,"minecraft:oak_leaves":6,"create:andesite_encased_cogwheel":1},"minecraft:dropped":{"minecraft:wheat_seeds":1,"weaponmaster:tutorialbook":1,"minecraft:leather":1,"betteranimalsplus:goose_egg":4,"minecraft:gray_wool":1,"quark:indigo_corundum_cluster":1,"minecraft:potion":1,"gravestone:obituary":5,"minecraft:gold_nugget":4,"minecraft:sand":5,"minecraft:gravel":2,"minecraft:furnace":1,"minecraft:bricks":3,"minecraft:kelp":5,"minecraft:sweet_berries":2,"supplementaries:sack":23,"minecraft:iron_nugget":4,"minecraft:stone_sword":1,"minecraft:wheat":3,"minecraft:rotten_flesh":8,"minecraft:light_gray_wool":1,"minecraft:oak_planks":2,"minecraft:cooked_mutton":5,"minecraft:filled_map":3,"minecraft:oak_sapling":15,"minecraft:wooden_pickaxe":1,"minecraft:stone_pickaxe":1,"minecraft:written_book":2,"minecraft:splash_potion":1,"minecraft:brick":6},"minecraft:crafted":{"minecraft:oak_door":6,"betteranimalsplus:venisoncooked":16,"minecraft:oak_planks":48,"minecraft:furnace":2,"minecraft:bone_meal":12,"minecraft:cooked_mutton":20,"minecraft:stone_pickaxe":4,"minecraft:golden_boots":1,"minecraft:cooked_cod":2,"minecraft:crafting_table":5,"minecraft:spruce_planks":32,"minecraft:iron_helmet":1,"minecraft:wooden_pickaxe":3,"minecraft:baked_potato":10,"minecraft:bucket":1,"minecraft:stone_axe":1,"minecraft:bread":21,"minecraft:air":0,"minecraft:oak_boat":1,"minecraft:iron_chestplate":1,"minecraft:stick":16,"minecraft:iron_ingot":10,"minecraft:stone_sword":3},"minecraft:custom":{"minecraft:mob_kills":39,"minecraft:interact_with_crafting_table":24,"minecraft:open_barrel":33,"minecraft:leave_game":7,"minecraft:time_since_death":2175,"minecraft:climb_one_cm":4831,"minecraft:sprint_one_cm":378476,"minecraft:walk_one_cm":416836,"minecraft:drop":68,"minecraft:talked_to_villager":1,"minecraft:play_time":259034,"minecraft:deaths":10,"minecraft:sneak_time":2066,"minecraft:walk_under_water_one_cm":77130,"minecraft:boat_one_cm":831059,"minecraft:jump":4837,"minecraft:interact_with_brewingstand":1,"minecraft:interact_with_blast_furnace":1,"minecraft:walk_on_water_one_cm":49463,"minecraft:total_world_time":259034,"minecraft:interact_with_furnace":30,"minecraft:interact_with_grindstone":1,"minecraft:sleep_in_bed":1,"minecraft:time_since_rest":2619,"minecraft:waystone_activated":4,"minecraft:damage_taken":13181,"minecraft:trigger_trapped_chest":6,"minecraft:damage_dealt":6026,"minecraft:swim_one_cm":266933,"minecraft:fly_one_cm":851065,"minecraft:open_chest":87,"minecraft:crouch_one_cm":4511,"minecraft:interact_with_smoker":1,"minecraft:fall_one_cm":121485},"minecraft:picked_up":{"minecraft:charcoal":40,"minecraft:crafting_table":4,"minecraft:wheat":50,"quark:spruce_ladder":1,"betteranimalsplus:venisonraw":20,"gravestone:obituary":3,"create:wooden_bracket":1,"supplementaries:globe":2,"quark:indigo_corundum":1,"minecraft:oak_boat":4,"minecraft:written_book":2,"minecraft:light_gray_wool":2,"minecraft:furnace":7,"minecraft:stick":7,"minecraft:raw_iron":3,"minecraft:oak_door":7,"minecraft:torch":3,"create:andesite_casing":1,"create:windmill_bearing":1,"create:hand_crank":1,"create:vertical_gearbox":2,"create:large_cogwheel":1,"minecraft:arrow":3,"minecraft:rotten_flesh":8,"create:experience_nugget":3,"quark:indigo_corundum_cluster":1,"create:red_seat":4,"minecraft:mutton":20,"minecraft:cod":2,"minecraft:cobblestone":114,"minecraft:white_wool":8,"betteranimalsplus:goose_egg":6,"minecraft:tripwire_hook":1,"minecraft:leather":7,"minecraft:potato":2,"minecraft:flint":1,"minecraft:oak_log":34,"minecraft:dirt":64,"minecraft:paper":9,"betteranimalsplus:pheasant_egg":1,"minecraft:cooked_mutton":1,"minecraft:bone":5,"minecraft:apple":1,"quark:dark_oak_trapped_chest":5,"minecraft:kelp":5,"minecraft:wheat_seeds":80,"betteranimalsplus:antler":12,"create:shaft":6,"minecraft:iron_sword":2,"minecraft:oak_planks":2,"betteranimalsplus:reindeerhead_3":1,"minecraft:book":42,"betteranimalsplus:crab_meat_raw":1,"minecraft:pumpkin":1,"minecraft:sweet_berries":15,"supplementaries:sack":29,"create:cogwheel":2,"minecraft:gravel":2,"minecraft:sand":10,"minecraft:blast_furnace":1,"minecraft:spruce_log":4,"minecraft:mossy_cobblestone":1,"create:millstone":1,"waystones:waystone":2,"minecraft:granite":1,"minecraft:gray_wool":1,"minecraft:emerald":2,"minecraft:oak_sapling":15,"minecraft:black_wool":1,"minecraft:bricks":3,"minecraft:coal":140},"minecraft:killed_by":{"betteranimalsplus:shark":1,"minecraft:skeleton":1,"minecraft:zombie":2},"minecraft:killed":{"minecraft:skeleton":1,"betteranimalsplus:deer":3,"minecraft:drowned":5,"betteranimalsplus:shark":1,"minecraft:sheep":13,"minecraft:zombie":4,"betteranimalsplus:reindeer":8,"betteranimalsplus:crab":1}},"DataVersion":3120}