{"stats":{"minecraft:mined":{"quark:blossom_bookshelf":4,"minecraft:spruce_planks":3,"minecraft:oak_door":4,"create:andesite_casing":1,"minecraft:powder_snow":1,"quark:spruce_bookshelf":5,"minecraft:crafting_table":4,"gravestone:gravestone":5,"minecraft:grass_block":16,"supplementaries:sack":1,"minecraft:cobblestone":5,"quark:acacia_bookshelf":2,"minecraft:oak_planks":2,"minecraft:sandstone":1,"supplementaries:urn":1,"minecraft:spawner":1,"minecraft:seagrass":5,"quark:blossom_chest":1,"minecraft:tall_seagrass":2,"quark:dark_oak_trapped_chest":4,"minecraft:furnace":2,"minecraft:iron_ore":4,"treechop:chopped_log":7,"minecraft:bookshelf":3,"minecraft:grass":7,"minecraft:gravel":1,"create:mechanical_bearing":1,"minecraft:coal_ore":56,"minecraft:iron_bars":2,"create:red_seat":4,"minecraft:sunflower":1,"minecraft:sand":10,"minecraft:dirt":49,"minecraft:packed_ice":12,"minecraft:stone":81,"minecraft:oak_leaves":6},"minecraft:picked_up":{"minecraft:crafting_table":4,"minecraft:tripwire_hook":1,"minecraft:leather":7,"betteranimalsplus:venisonraw":16,"minecraft:flint":1,"minecraft:oak_log":34,"gravestone:obituary":2,"minecraft:dirt":64,"minecraft:paper":9,"supplementaries:globe":1,"betteranimalsplus:pheasant_egg":1,"minecraft:cooked_mutton":1,"minecraft:apple":1,"quark:dark_oak_trapped_chest":4,"betteranimalsplus:antler":6,"minecraft:written_book":2,"minecraft:light_gray_wool":2,"minecraft:iron_sword":1,"betteranimalsplus:reindeerhead_3":1,"minecraft:furnace":2,"minecraft:book":42,"minecraft:stick":7,"minecraft:raw_iron":3,"minecraft:oak_door":7,"minecraft:sweet_berries":2,"supplementaries:sack":1,"create:andesite_casing":1,"minecraft:gravel":2,"minecraft:sand":10,"create:hand_crank":1,"minecraft:rotten_flesh":5,"create:experience_nugget":3,"waystones:waystone":2,"minecraft:gray_wool":1,"minecraft:emerald":2,"create:red_seat":4,"minecraft:oak_sapling":15,"minecraft:mutton":18,"minecraft:coal":56,"minecraft:cobblestone":86,"minecraft:white_wool":8,"betteranimalsplus:goose_egg":5},"minecraft:killed":{"minecraft:sheep":12,"minecraft:zombie":2,"betteranimalsplus:reindeer":8},"minecraft:dropped":{"minecraft:gravel":2,"minecraft:sweet_berries":2,"minecraft:iron_nugget":4,"minecraft:stone_sword":1,"weaponmaster:tutorialbook":1,"minecraft:wheat":2,"minecraft:rotten_flesh":5,"minecraft:light_gray_wool":1,"minecraft:leather":1,"minecraft:cooked_mutton":5,"betteranimalsplus:goose_egg":4,"minecraft:filled_map":3,"minecraft:gray_wool":1,"minecraft:oak_sapling":15,"minecraft:gold_nugget":4,"gravestone:obituary":3,"minecraft:stone_pickaxe":1,"minecraft:sand":5,"minecraft:wooden_pickaxe":1,"minecraft:written_book":2,"minecraft:splash_potion":1},"minecraft:crafted":{"minecraft:oak_door":3,"betteranimalsplus:venisoncooked":6,"minecraft:oak_planks":32,"minecraft:crafting_table":2,"minecraft:iron_helmet":1,"minecraft:wooden_pickaxe":1,"minecraft:furnace":1,"minecraft:bucket":1,"minecraft:stone_axe":1,"minecraft:bread":5,"minecraft:cooked_mutton":18,"minecraft:air":0,"minecraft:oak_boat":1,"minecraft:iron_chestplate":1,"minecraft:stick":4,"minecraft:iron_ingot":10,"minecraft:stone_pickaxe":2,"minecraft:stone_sword":2,"minecraft:golden_boots":1},"minecraft:killed_by":{"minecraft:skeleton":1,"minecraft:zombie":2},"minecraft:used":{"minecraft:cooked_mutton":14,"minecraft:water_bucket":9,"minecraft:stone_sword":53,"minecraft:stone_pickaxe":114,"minecraft:wooden_pickaxe":45,"create:red_seat":4,"minecraft:iron_sword":17,"minecraft:cooked_salmon":5,"betteranimalsplus:pheasant_egg":1,"quark:dark_oak_trapped_chest":2,"minecraft:oak_door":7,"betteranimalsplus:goose_egg":1,"minecraft:dirt":64,"minecraft:sand":5,"minecraft:crafting_table":6,"minecraft:carrot":10,"minecraft:bread":4,"minecraft:suspicious_stew":1,"minecraft:stone_axe":66,"minecraft:cobblestone":26,"minecraft:written_book":2,"minecraft:furnace":2,"minecraft:bucket":10,"minecraft:oak_boat":1,"minecraft:experience_bottle":2,"betteranimalsplus:venisoncooked":3},"minecraft:custom":{"minecraft:interact_with_furnace":11,"minecraft:mob_kills":24,"minecraft:open_barrel":9,"minecraft:interact_with_crafting_table":12,"minecraft:leave_game":2,"minecraft:time_since_death":59974,"minecraft:sleep_in_bed":1,"minecraft:climb_one_cm":140,"minecraft:time_since_rest":799,"minecraft:waystone_activated":1,"minecraft:sprint_one_cm":173499,"minecraft:damage_taken":2474,"minecraft:walk_one_cm":199095,"minecraft:trigger_trapped_chest":5,"minecraft:drop":32,"minecraft:damage_dealt":3404,"minecraft:swim_one_cm":101636,"minecraft:fly_one_cm":380820,"minecraft:open_chest":28,"minecraft:crouch_one_cm":3875,"minecraft:play_time":127121,"minecraft:deaths":6,"minecraft:boat_one_cm":411213,"minecraft:sneak_time":1379,"minecraft:walk_under_water_one_cm":38956,"minecraft:jump":2180,"minecraft:walk_on_water_one_cm":25033,"minecraft:total_world_time":127121,"minecraft:fall_one_cm":52159}},"DataVersion":3120}