{"stats":{"minecraft:mined":{"create:andesite_casing":1,"minecraft:powder_snow":1,"minecraft:crafting_table":4,"gravestone:gravestone":5,"minecraft:grass_block":16,"minecraft:spawner":1,"quark:dark_oak_trapped_chest":2,"minecraft:furnace":2,"minecraft:iron_ore":4,"treechop:chopped_log":7,"minecraft:grass":7,"create:mechanical_bearing":1,"minecraft:coal_ore":56,"minecraft:iron_bars":2,"create:red_seat":4,"minecraft:sunflower":1,"minecraft:sand":7,"minecraft:dirt":49,"minecraft:packed_ice":12,"minecraft:stone":81,"minecraft:oak_leaves":6},"minecraft:picked_up":{"minecraft:crafting_table":4,"minecraft:tripwire_hook":1,"minecraft:leather":1,"betteranimalsplus:venisonraw":6,"minecraft:oak_log":34,"gravestone:obituary":2,"minecraft:dirt":64,"minecraft:paper":9,"betteranimalsplus:pheasant_egg":1,"minecraft:cooked_mutton":1,"minecraft:apple":1,"quark:dark_oak_trapped_chest":2,"betteranimalsplus:antler":4,"minecraft:written_book":2,"minecraft:light_gray_wool":2,"betteranimalsplus:reindeerhead_3":1,"minecraft:furnace":2,"minecraft:stick":7,"minecraft:raw_iron":3,"create:andesite_casing":1,"minecraft:gravel":2,"minecraft:sand":7,"create:hand_crank":1,"minecraft:rotten_flesh":5,"create:experience_nugget":3,"minecraft:gray_wool":1,"minecraft:emerald":2,"create:red_seat":4,"minecraft:oak_sapling":15,"minecraft:mutton":18,"minecraft:coal":56,"minecraft:cobblestone":81,"minecraft:white_wool":8,"betteranimalsplus:goose_egg":5},"minecraft:killed":{"minecraft:sheep":12,"minecraft:zombie":2,"betteranimalsplus:reindeer":4},"minecraft:dropped":{"minecraft:gravel":2,"minecraft:stone_sword":1,"minecraft:rotten_flesh":5,"minecraft:light_gray_wool":1,"minecraft:leather":1,"minecraft:cooked_mutton":5,"betteranimalsplus:goose_egg":4,"minecraft:gray_wool":1,"gravestone:obituary":3,"minecraft:sand":5,"minecraft:wooden_pickaxe":1,"minecraft:written_book":2},"minecraft:crafted":{"betteranimalsplus:venisoncooked":6,"minecraft:oak_planks":32,"minecraft:crafting_table":1,"minecraft:wooden_pickaxe":1,"minecraft:furnace":1,"minecraft:stone_axe":1,"minecraft:cooked_mutton":18,"minecraft:air":0,"minecraft:oak_boat":1,"minecraft:stick":4,"minecraft:iron_ingot":3,"minecraft:stone_pickaxe":2,"minecraft:stone_sword":2},"minecraft:killed_by":{"minecraft:skeleton":1,"minecraft:zombie":2},"minecraft:used":{"minecraft:cooked_mutton":12,"minecraft:stone_sword":53,"minecraft:stone_pickaxe":105,"minecraft:wooden_pickaxe":45,"create:red_seat":1,"betteranimalsplus:pheasant_egg":1,"betteranimalsplus:goose_egg":1,"minecraft:dirt":47,"minecraft:sand":2,"minecraft:crafting_table":4,"minecraft:stone_axe":40,"minecraft:cobblestone":11,"minecraft:written_book":2,"minecraft:furnace":2,"minecraft:oak_boat":1,"minecraft:experience_bottle":1},"minecraft:custom":{"minecraft:interact_with_furnace":11,"minecraft:mob_kills":20,"minecraft:interact_with_crafting_table":6,"minecraft:leave_game":1,"minecraft:time_since_death":9542,"minecraft:climb_one_cm":140,"minecraft:time_since_rest":9568,"minecraft:waystone_activated":1,"minecraft:sprint_one_cm":108145,"minecraft:damage_taken":1595,"minecraft:walk_one_cm":153132,"minecraft:trigger_trapped_chest":2,"minecraft:drop":20,"minecraft:damage_dealt":2424,"minecraft:swim_one_cm":35889,"minecraft:fly_one_cm":261518,"minecraft:crouch_one_cm":2976,"minecraft:play_time":76689,"minecraft:deaths":6,"minecraft:boat_one_cm":51300,"minecraft:sneak_time":701,"minecraft:walk_under_water_one_cm":4924,"minecraft:jump":1614,"minecraft:walk_on_water_one_cm":7196,"minecraft:total_world_time":76689,"minecraft:fall_one_cm":41018}},"DataVersion":3120}