{"stats":{"minecraft:mined":{"minecraft:oak_door":4,"create:andesite_casing":1,"minecraft:powder_snow":1,"minecraft:crafting_table":4,"gravestone:gravestone":5,"minecraft:grass_block":16,"minecraft:cobblestone":2,"minecraft:spawner":1,"minecraft:seagrass":5,"minecraft:tall_seagrass":2,"quark:dark_oak_trapped_chest":2,"minecraft:furnace":2,"minecraft:iron_ore":4,"treechop:chopped_log":7,"minecraft:grass":7,"create:mechanical_bearing":1,"minecraft:coal_ore":56,"minecraft:iron_bars":2,"create:red_seat":4,"minecraft:sunflower":1,"minecraft:sand":7,"minecraft:dirt":49,"minecraft:packed_ice":12,"minecraft:stone":81,"minecraft:oak_leaves":6},"minecraft:picked_up":{"minecraft:crafting_table":4,"minecraft:tripwire_hook":1,"minecraft:leather":1,"betteranimalsplus:venisonraw":6,"minecraft:oak_log":34,"gravestone:obituary":2,"minecraft:dirt":64,"minecraft:paper":9,"betteranimalsplus:pheasant_egg":1,"minecraft:cooked_mutton":1,"minecraft:apple":1,"quark:dark_oak_trapped_chest":2,"betteranimalsplus:antler":4,"minecraft:written_book":2,"minecraft:light_gray_wool":2,"betteranimalsplus:reindeerhead_3":1,"minecraft:furnace":2,"minecraft:stick":7,"minecraft:raw_iron":3,"minecraft:oak_door":7,"create:andesite_casing":1,"minecraft:gravel":2,"minecraft:sand":7,"create:hand_crank":1,"minecraft:rotten_flesh":5,"create:experience_nugget":3,"minecraft:gray_wool":1,"minecraft:emerald":2,"create:red_seat":4,"minecraft:oak_sapling":15,"minecraft:mutton":18,"minecraft:coal":56,"minecraft:cobblestone":82,"minecraft:white_wool":8,"betteranimalsplus:goose_egg":5},"minecraft:killed":{"minecraft:sheep":12,"minecraft:zombie":2,"betteranimalsplus:reindeer":4},"minecraft:dropped":{"minecraft:gravel":2,"minecraft:stone_sword":1,"minecraft:wheat":2,"minecraft:rotten_flesh":5,"minecraft:light_gray_wool":1,"minecraft:leather":1,"minecraft:cooked_mutton":5,"betteranimalsplus:goose_egg":4,"minecraft:gray_wool":1,"gravestone:obituary":3,"minecraft:stone_pickaxe":1,"minecraft:sand":5,"minecraft:wooden_pickaxe":1,"minecraft:written_book":2},"minecraft:crafted":{"minecraft:oak_door":3,"betteranimalsplus:venisoncooked":6,"minecraft:oak_planks":32,"minecraft:crafting_table":2,"minecraft:iron_helmet":1,"minecraft:wooden_pickaxe":1,"minecraft:furnace":1,"minecraft:bucket":1,"minecraft:stone_axe":1,"minecraft:bread":5,"minecraft:cooked_mutton":18,"minecraft:air":0,"minecraft:oak_boat":1,"minecraft:iron_chestplate":1,"minecraft:stick":4,"minecraft:iron_ingot":8,"minecraft:stone_pickaxe":2,"minecraft:stone_sword":2,"minecraft:golden_boots":1},"minecraft:killed_by":{"minecraft:skeleton":1,"minecraft:zombie":2},"minecraft:used":{"minecraft:cooked_mutton":12,"minecraft:water_bucket":3,"minecraft:stone_sword":53,"minecraft:stone_pickaxe":107,"minecraft:wooden_pickaxe":45,"create:red_seat":1,"betteranimalsplus:pheasant_egg":1,"minecraft:oak_door":6,"betteranimalsplus:goose_egg":1,"minecraft:dirt":64,"minecraft:sand":2,"minecraft:crafting_table":6,"minecraft:carrot":2,"minecraft:suspicious_stew":1,"minecraft:stone_axe":44,"minecraft:cobblestone":19,"minecraft:written_book":2,"minecraft:furnace":2,"minecraft:bucket":4,"minecraft:oak_boat":1,"minecraft:experience_bottle":1,"betteranimalsplus:venisoncooked":2},"minecraft:custom":{"minecraft:interact_with_furnace":11,"minecraft:mob_kills":20,"minecraft:interact_with_crafting_table":11,"minecraft:leave_game":1,"minecraft:time_since_death":21542,"minecraft:climb_one_cm":140,"minecraft:time_since_rest":21568,"minecraft:waystone_activated":1,"minecraft:sprint_one_cm":108352,"minecraft:damage_taken":1915,"minecraft:walk_one_cm":155718,"minecraft:trigger_trapped_chest":2,"minecraft:drop":22,"minecraft:damage_dealt":2424,"minecraft:swim_one_cm":55881,"minecraft:fly_one_cm":261985,"minecraft:open_chest":11,"minecraft:crouch_one_cm":2993,"minecraft:play_time":88689,"minecraft:deaths":6,"minecraft:boat_one_cm":199264,"minecraft:sneak_time":946,"minecraft:walk_under_water_one_cm":24619,"minecraft:jump":1629,"minecraft:walk_on_water_one_cm":11383,"minecraft:total_world_time":88689,"minecraft:fall_one_cm":41018}},"DataVersion":3120}