{"stats":{"minecraft:mined":{"quark:shale":1,"minecraft:brewing_stand":1,"minecraft:crafting_table":3,"gravestone:gravestone":3,"minecraft:grass_block":9,"supplementaries:sack":2,"minecraft:tall_grass":6,"minecraft:furnace":1,"treechop:chopped_log":11,"minecraft:peony":1,"minecraft:grass":16,"minecraft:coal_ore":27,"minecraft:oak_log":7,"minecraft:gravel":26,"minecraft:dirt":145,"minecraft:stone":47},"minecraft:picked_up":{"minecraft:wooden_axe":1,"minecraft:crafting_table":3,"minecraft:feather":5,"minecraft:chicken":5,"minecraft:leather":1,"betteranimalsplus:venisonraw":2,"minecraft:flint":3,"minecraft:oak_log":58,"minecraft:brewing_stand":1,"minecraft:string":2,"minecraft:dirt":154,"minecraft:cooked_mutton":4,"minecraft:apple":2,"minecraft:wheat_seeds":2,"betteranimalsplus:antler":2,"minecraft:beef":5,"quark:yellow_blossom_sapling":4,"minecraft:egg":1,"minecraft:furnace":1,"minecraft:stick":22,"supplementaries:sack":2,"quark:shale":1,"minecraft:gravel":21,"minecraft:porkchop":2,"quark:blossom_log":23,"betteranimalsplus:eel_meat_raw":5,"minecraft:rotten_flesh":4,"minecraft:peony":1,"betteranimalsplus:eel_meat_cooked":5,"minecraft:oak_sapling":25,"minecraft:coal":27,"minecraft:cobblestone":47,"betteranimalsplus:goose_egg":6},"minecraft:killed":{"betteranimalsplus:lamprey":1,"minecraft:pig":1,"minecraft:spider":1,"betteranimalsplus:eel_freshwater":1,"minecraft:zombie":1,"minecraft:chicken":5,"betteranimalsplus:goose":1,"betteranimalsplus:deer":1,"minecraft:drowned":1,"minecraft:cow":2},"minecraft:dropped":{"minecraft:rotten_flesh":4,"gravestone:obituary":2},"minecraft:broken":{"minecraft:wooden_axe":1,"minecraft:wooden_pickaxe":1},"minecraft:crafted":{"minecraft:cooked_beef":5,"minecraft:coal_block":1,"betteranimalsplus:venisoncooked":2,"minecraft:oak_planks":20,"minecraft:crafting_table":1,"minecraft:wooden_pickaxe":1,"minecraft:furnace":1,"minecraft:stone_axe":1,"minecraft:air":0,"minecraft:stick":8,"minecraft:stone_pickaxe":1,"minecraft:wooden_axe":1,"minecraft:torch":16},"minecraft:killed_by":{"minecraft:vindicator":1,"minecraft:zombie":1,"betteranimalsplus:lamprey":1},"minecraft:used":{"minecraft:cooked_mutton":4,"supplementaries:sack":1,"minecraft:stone_pickaxe":18,"minecraft:wooden_pickaxe":59,"minecraft:torch":5,"minecraft:dirt":4,"minecraft:crafting_table":3,"minecraft:wooden_axe":58,"minecraft:apple":2,"minecraft:stone_axe":49,"minecraft:furnace":1,"minecraft:cooked_beef":3},"minecraft:custom":{"minecraft:interact_with_furnace":7,"minecraft:mob_kills":16,"minecraft:interact_with_crafting_table":8,"minecraft:time_since_death":18954,"minecraft:climb_one_cm":2052,"minecraft:time_since_rest":18986,"minecraft:sprint_one_cm":118104,"minecraft:damage_taken":808,"minecraft:walk_one_cm":138433,"minecraft:drop":3,"minecraft:damage_dealt":1657,"minecraft:swim_one_cm":45599,"minecraft:talked_to_villager":2,"minecraft:fly_one_cm":174527,"minecraft:open_chest":4,"minecraft:crouch_one_cm":5425,"minecraft:play_time":52066,"minecraft:deaths":3,"minecraft:sneak_time":2483,"minecraft:walk_under_water_one_cm":7732,"minecraft:jump":1226,"minecraft:walk_on_water_one_cm":5177,"minecraft:total_world_time":52066,"minecraft:fall_one_cm":22432}},"DataVersion":3120}