{"stats":{"minecraft:mined":{"quark:shale":1,"minecraft:jungle_leaves":2,"minecraft:brewing_stand":1,"minecraft:crafting_table":4,"gravestone:gravestone":3,"minecraft:grass_block":9,"minecraft:melon":4,"supplementaries:sack":2,"minecraft:tall_grass":6,"minecraft:furnace":1,"treechop:chopped_log":11,"minecraft:peony":1,"minecraft:grass":30,"minecraft:coal_ore":27,"minecraft:oak_log":7,"minecraft:vine":1,"minecraft:gravel":26,"minecraft:dirt":145,"minecraft:stone":47,"minecraft:fern":2},"minecraft:picked_up":{"minecraft:wooden_axe":1,"minecraft:crafting_table":4,"minecraft:feather":10,"minecraft:chicken":12,"minecraft:leather":1,"betteranimalsplus:venisonraw":2,"minecraft:flint":3,"minecraft:oak_log":58,"minecraft:brewing_stand":1,"minecraft:string":2,"minecraft:dirt":154,"minecraft:cooked_mutton":4,"minecraft:apple":2,"minecraft:wheat_seeds":4,"betteranimalsplus:antler":2,"minecraft:beef":5,"quark:yellow_blossom_sapling":4,"minecraft:melon_slice":21,"minecraft:acacia_sapling":1,"minecraft:egg":3,"minecraft:furnace":2,"minecraft:stick":22,"supplementaries:sack":2,"quark:shale":1,"minecraft:gravel":21,"minecraft:porkchop":2,"quark:blossom_log":23,"quark:seed_pouch":2,"betteranimalsplus:eel_meat_raw":5,"minecraft:rotten_flesh":5,"minecraft:peony":1,"betteranimalsplus:eel_meat_cooked":5,"minecraft:oak_sapling":25,"minecraft:coal":27,"minecraft:cobblestone":47,"betteranimalsplus:goose_egg":6},"minecraft:killed":{"betteranimalsplus:lamprey":1,"minecraft:pig":1,"minecraft:spider":1,"betteranimalsplus:eel_freshwater":1,"minecraft:zombie":2,"minecraft:chicken":12,"betteranimalsplus:goose":1,"betteranimalsplus:deer":1,"minecraft:drowned":1,"minecraft:cow":2},"minecraft:dropped":{"quark:seed_pouch":1,"minecraft:furnace":1,"minecraft:rotten_flesh":4,"gravestone:obituary":2},"minecraft:broken":{"minecraft:wooden_axe":1,"minecraft:wooden_pickaxe":1},"minecraft:crafted":{"minecraft:cooked_beef":5,"minecraft:coal_block":1,"betteranimalsplus:venisoncooked":2,"minecraft:oak_planks":20,"minecraft:cooked_porkchop":1,"minecraft:crafting_table":1,"minecraft:wooden_pickaxe":1,"minecraft:furnace":1,"minecraft:stone_axe":1,"minecraft:air":0,"minecraft:oak_boat":1,"minecraft:stick":8,"minecraft:stone_pickaxe":1,"minecraft:wooden_axe":1,"minecraft:torch":16},"minecraft:killed_by":{"minecraft:vindicator":1,"minecraft:zombie":1,"betteranimalsplus:lamprey":1},"minecraft:used":{"minecraft:cooked_mutton":4,"supplementaries:sack":1,"minecraft:stone_pickaxe":21,"minecraft:wooden_pickaxe":59,"minecraft:torch":5,"minecraft:dirt":4,"minecraft:crafting_table":4,"minecraft:wooden_axe":58,"minecraft:apple":2,"betteranimalsplus:eel_meat_cooked":5,"minecraft:stone_axe":86,"minecraft:furnace":2,"minecraft:oak_boat":1,"minecraft:cooked_beef":5},"minecraft:custom":{"minecraft:interact_with_furnace":9,"minecraft:mob_kills":24,"minecraft:interact_with_crafting_table":9,"minecraft:open_barrel":4,"minecraft:time_since_death":30954,"minecraft:climb_one_cm":2085,"minecraft:time_since_rest":30986,"minecraft:waystone_activated":1,"minecraft:sprint_one_cm":152732,"minecraft:damage_taken":1018,"minecraft:walk_one_cm":161628,"minecraft:drop":5,"minecraft:damage_dealt":2138,"minecraft:swim_one_cm":45599,"minecraft:talked_to_villager":2,"minecraft:fly_one_cm":221889,"minecraft:open_chest":4,"minecraft:crouch_one_cm":5616,"minecraft:play_time":64066,"minecraft:deaths":3,"minecraft:sneak_time":2601,"minecraft:walk_under_water_one_cm":8295,"minecraft:boat_one_cm":122199,"minecraft:jump":1451,"minecraft:walk_on_water_one_cm":8983,"minecraft:total_world_time":64066,"minecraft:fall_one_cm":27692}},"DataVersion":3120}