{"stats":{"minecraft:mined":{"treechop:chopped_log":8,"minecraft:crafting_table":2,"minecraft:grass":2,"minecraft:grass_block":1,"minecraft:oak_log":7,"minecraft:coal_ore":12,"minecraft:dirt":6,"minecraft:stone":45},"minecraft:picked_up":{"minecraft:wooden_axe":1,"minecraft:stick":18,"minecraft:crafting_table":2,"minecraft:feather":1,"quark:blossom_log":23,"minecraft:oak_log":42,"minecraft:dirt":7,"minecraft:apple":1,"minecraft:oak_sapling":18,"quark:yellow_blossom_sapling":4,"minecraft:coal":12,"minecraft:cobblestone":45},"minecraft:killed":{"betteranimalsplus:goose":1},"minecraft:crafted":{"minecraft:oak_planks":20,"minecraft:crafting_table":1,"minecraft:stick":8,"minecraft:wooden_pickaxe":1,"minecraft:stone_pickaxe":1,"minecraft:wooden_axe":1,"minecraft:torch":4,"minecraft:stone_axe":1},"minecraft:killed_by":{"minecraft:zombie":1},"minecraft:used":{"minecraft:wooden_axe":56,"minecraft:apple":1,"minecraft:wooden_pickaxe":57,"minecraft:stone_axe":1,"minecraft:torch":4,"minecraft:dirt":1,"minecraft:crafting_table":2},"minecraft:custom":{"minecraft:time_since_rest":1301,"minecraft:sprint_one_cm":29089,"minecraft:damage_taken":230,"minecraft:walk_one_cm":33065,"minecraft:mob_kills":1,"minecraft:damage_dealt":169,"minecraft:swim_one_cm":6710,"minecraft:interact_with_crafting_table":5,"minecraft:fly_one_cm":43867,"minecraft:crouch_one_cm":4758,"minecraft:play_time":16066,"minecraft:deaths":1,"minecraft:sneak_time":2175,"minecraft:walk_under_water_one_cm":934,"minecraft:jump":285,"minecraft:time_since_death":1204,"minecraft:walk_on_water_one_cm":992,"minecraft:total_world_time":16066,"minecraft:fall_one_cm":5485}},"DataVersion":3120}