{"stats":{"minecraft:killed_by":{"betteranimalsplus:lamprey":1,"minecraft:vindicator":1,"minecraft:zombie":1},"minecraft:custom":{"minecraft:mob_kills":63,"minecraft:inspect_hopper":1,"minecraft:interact_with_crafting_table":54,"minecraft:open_barrel":21,"minecraft:leave_game":5,"minecraft:time_since_death":88404,"minecraft:climb_one_cm":5369,"minecraft:sprint_one_cm":510529,"minecraft:walk_one_cm":960636,"minecraft:damage_blocked_by_shield":50,"minecraft:drop":18,"minecraft:talked_to_villager":55,"minecraft:play_time":249508,"minecraft:sneak_time":5795,"minecraft:deaths":6,"minecraft:walk_under_water_one_cm":10744,"minecraft:boat_one_cm":122199,"minecraft:jump":3745,"minecraft:walk_on_water_one_cm":19201,"minecraft:total_world_time":249508,"minecraft:interact_with_furnace":41,"minecraft:traded_with_villager":47,"minecraft:interact_with_grindstone":3,"minecraft:time_since_rest":88440,"minecraft:waystone_activated":2,"minecraft:damage_taken":8868,"minecraft:damage_dealt":4074,"minecraft:swim_one_cm":46509,"minecraft:fly_one_cm":465655,"minecraft:open_chest":86,"minecraft:crouch_one_cm":11402,"minecraft:interact_with_smoker":2,"minecraft:fall_one_cm":65318},"minecraft:crafted":{"betteranimalsplus:venisoncooked":2,"minecraft:oak_planks":236,"minecraft:stone_shovel":1,"minecraft:cooked_chicken":12,"minecraft:furnace":1,"minecraft:bone_meal":24,"mekanism:ingot_uranium":3,"minecraft:oak_trapdoor":2,"minecraft:hopper":1,"minecraft:bow":2,"minecraft:iron_boots":1,"minecraft:iron_axe":1,"minecraft:melon_seeds":6,"minecraft:stone_pickaxe":2,"minecraft:stone_hoe":1,"minecraft:cooked_beef":5,"minecraft:coal_block":2,"minecraft:crossbow":1,"minecraft:arrow":316,"minecraft:emerald":26,"minecraft:cooked_porkchop":1,"minecraft:crafting_table":1,"minecraft:wooden_pickaxe":1,"minecraft:iron_helmet":1,"minecraft:fletching_table":1,"minecraft:bucket":1,"minecraft:stone_axe":2,"minecraft:bread":4,"minecraft:air":0,"minecraft:oak_boat":1,"minecraft:iron_chestplate":1,"minecraft:shield":1,"minecraft:stick":821,"quark:oak_chest":4,"minecraft:iron_ingot":97,"minecraft:iron_pickaxe":1,"minecraft:iron_shovel":1,"minecraft:wooden_axe":1,"minecraft:stone_sword":4,"betteranimalsplus:fried_egg":6,"minecraft:sandstone":8,"minecraft:iron_leggings":1,"minecraft:torch":28},"minecraft:picked_up":{"minecraft:wooden_axe":1,"minecraft:crafting_table":5,"minecraft:coarse_dirt":1,"minecraft:wheat":12,"minecraft:sandstone_slab":2,"minecraft:chicken":12,"minecraft:flower_pot":1,"minecraft:red_sandstone_stairs":1,"mekanism:raw_uranium":19,"betteranimalsplus:venisonraw":2,"minecraft:brewing_stand":4,"minecraft:string":14,"minecraft:cobbled_deepslate":4,"minecraft:bucket":1,"minecraft:beef":5,"minecraft:acacia_sign":1,"minecraft:iron_nugget":22,"quark:yellow_blossom_sapling":4,"minecraft:melon_slice":130,"minecraft:furnace":4,"minecraft:egg":3,"minecraft:stick":48,"minecraft:raw_iron":98,"minecraft:sandstone":8,"minecraft:green_bed":3,"quark:blossom_log":23,"minecraft:porkchop":2,"quark:seed_pouch":2,"minecraft:carrot":126,"minecraft:redstone":92,"mekanism:raw_tin":2,"minecraft:rotten_flesh":19,"minecraft:arrow":9,"minecraft:cactus":4,"minecraft:stone_shovel":1,"minecraft:red_sandstone_slab":4,"minecraft:peony":1,"supplementaries:antique_ink":2,"create:asurine":1,"create:veridium":1,"supplementaries:ash":16,"minecraft:lime_bed":2,"minecraft:rail":2,"betteranimalsplus:goose_egg":6,"minecraft:cobblestone":58,"minecraft:feather":10,"mekanism:raw_lead":2,"minecraft:cut_sandstone":2,"minecraft:leather":1,"minecraft:flint":3,"minecraft:tuff":2,"minecraft:smooth_sandstone_stairs":1,"minecraft:oak_log":72,"minecraft:gunpowder":2,"minecraft:dirt":325,"minecraft:cooked_mutton":4,"minecraft:smooth_sandstone":25,"minecraft:bone":25,"minecraft:apple":3,"minecraft:wheat_seeds":40,"betteranimalsplus:antler":2,"minecraft:stone_pickaxe":1,"minecraft:fletching_table":2,"minecraft:bamboo":1480,"minecraft:oak_planks":17,"minecraft:acacia_sapling":1,"minecraft:stone_hoe":2,"create:mechanical_saw":2,"minecraft:red_sandstone_wall":1,"quark:shale":1,"supplementaries:sack":9,"minecraft:gravel":21,"minecraft:sand":206,"minecraft:cyan_bed":1,"quark:oak_chest":2,"minecraft:spider_eye":2,"betteranimalsplus:eel_meat_raw":5,"minecraft:sugar":6,"minecraft:diamond":2,"minecraft:stone_axe":2,"minecraft:iron_helmet":1,"betteranimalsplus:eel_meat_cooked":5,"minecraft:terracotta":1,"minecraft:oak_sapling":36,"minecraft:melon_seeds":7,"minecraft:coal":67,"minecraft:hopper":1},"minecraft:used":{"minecraft:oak_trapdoor":1,"minecraft:stone_sword":264,"minecraft:iron_shovel":83,"minecraft:stone_shovel":131,"minecraft:shield":3,"minecraft:stone_hoe":130,"minecraft:cooked_chicken":12,"betteranimalsplus:fried_egg":6,"minecraft:iron_chestplate":1,"minecraft:torch":27,"minecraft:brewing_stand":4,"minecraft:dirt":292,"minecraft:hopper":2,"minecraft:carrot":218,"minecraft:wooden_axe":58,"betteranimalsplus:eel_meat_cooked":5,"minecraft:iron_axe":15,"minecraft:smooth_sandstone":2,"minecraft:iron_helmet":1,"minecraft:iron_boots":1,"minecraft:melon_seeds":7,"minecraft:bamboo":111,"minecraft:bow":102,"minecraft:oak_sapling":1,"minecraft:furnace":4,"minecraft:egg":12,"minecraft:cooked_beef":5,"minecraft:iron_leggings":1,"betteranimalsplus:venisoncooked":2,"minecraft:cooked_mutton":4,"minecraft:wheat_seeds":20,"minecraft:water_bucket":5,"supplementaries:sack":9,"minecraft:stone_pickaxe":199,"minecraft:oak_planks":87,"minecraft:wooden_pickaxe":59,"minecraft:sandstone":2,"minecraft:green_bed":3,"minecraft:fletching_table":2,"minecraft:golden_hoe":4,"minecraft:sand":61,"minecraft:lime_bed":2,"minecraft:crafting_table":6,"minecraft:crossbow":8,"minecraft:apple":9,"minecraft:acacia_sign":1,"minecraft:cyan_bed":1,"minecraft:melon_slice":124,"minecraft:bread":1,"minecraft:iron_pickaxe":77,"minecraft:stone_axe":204,"minecraft:potion":3,"minecraft:cooked_porkchop":1,"minecraft:bucket":5,"quark:oak_chest":5,"minecraft:oak_boat":1,"minecraft:coarse_dirt":1,"minecraft:bone_meal":24},"minecraft:dropped":{"minecraft:wheat_seeds":1,"create:mechanical_saw":2,"gravestone:obituary":5,"mekanism:raw_lead":1,"minecraft:sugar":6,"quark:seed_pouch":1,"minecraft:furnace":1,"minecraft:rotten_flesh":4,"create:asurine":1,"mekanism:raw_tin":1,"minecraft:oak_sapling":1,"minecraft:bamboo":1,"minecraft:red_sandstone_stairs":1},"minecraft:broken":{"minecraft:stone_sword":4,"minecraft:wooden_pickaxe":1,"minecraft:stone_pickaxe":1,"minecraft:stone_axe":2,"minecraft:wooden_axe":1,"minecraft:stone_shovel":1},"minecraft:killed":{"betteranimalsplus:coyote":3,"minecraft:cave_spider":2,"minecraft:spider":9,"minecraft:skeleton":10,"minecraft:chicken":12,"betteranimalsplus:goose":1,"betteranimalsplus:deer":1,"minecraft:drowned":1,"minecraft:husk":5,"betteranimalsplus:lamprey":1,"minecraft:pig":1,"minecraft:creeper":4,"betteranimalsplus:eel_freshwater":1,"minecraft:zombie":8,"minecraft:cow":2},"minecraft:mined":{"minecraft:diamond_ore":2,"minecraft:oak_sapling":1,"minecraft:attached_melon_stem":1,"quark:shale":1,"minecraft:jungle_leaves":2,"minecraft:potted_cactus":1,"minecraft:brewing_stand":4,"gravestone:gravestone":6,"minecraft:grass_block":178,"minecraft:red_sandstone_stairs":1,"minecraft:hopper":1,"minecraft:sandstone":6,"minecraft:furnace":3,"minecraft:carrots":40,"minecraft:red_sandstone":1,"minecraft:iron_ore":83,"treechop:chopped_log":14,"minecraft:fletching_table":1,"minecraft:peony":1,"create:asurine":1,"minecraft:deepslate_iron_ore":16,"minecraft:vine":1,"minecraft:smooth_sandstone_stairs":1,"minecraft:bamboo_sapling":1,"minecraft:bamboo":341,"minecraft:stone":58,"create:veridium":1,"minecraft:green_bed":3,"minecraft:cut_sandstone":2,"minecraft:deepslate_redstone_ore":21,"minecraft:red_sandstone_slab":4,"quark:oak_chest":2,"minecraft:smooth_sandstone":23,"minecraft:crafting_table":5,"minecraft:melon":26,"minecraft:dead_bush":3,"mekanism:tin_ore":1,"supplementaries:sack":9,"minecraft:tall_grass":6,"minecraft:cyan_bed":1,"minecraft:oak_planks":17,"supplementaries:urn":9,"create:mechanical_saw":1,"minecraft:lime_bed":2,"minecraft:coarse_dirt":1,"minecraft:wheat":13,"minecraft:grass":35,"minecraft:oak_log":7,"minecraft:red_sandstone_wall":1,"minecraft:coal_ore":67,"mekanism:lead_ore":1,"minecraft:gravel":26,"minecraft:sand":177,"minecraft:dirt":148,"mekanism:deepslate_uranium_ore":20,"minecraft:terracotta":1,"minecraft:deepslate":5,"minecraft:fern":2}},"DataVersion":3120}