{"stats":{"minecraft:mined":{"quark:shale":1,"minecraft:crafting_table":3,"gravestone:gravestone":3,"minecraft:grass_block":3,"minecraft:tall_grass":6,"minecraft:furnace":1,"treechop:chopped_log":11,"minecraft:grass":15,"minecraft:coal_ore":24,"minecraft:oak_log":7,"minecraft:gravel":26,"minecraft:dirt":72,"minecraft:stone":47},"minecraft:picked_up":{"minecraft:wooden_axe":1,"minecraft:crafting_table":3,"minecraft:feather":5,"minecraft:chicken":4,"minecraft:leather":1,"betteranimalsplus:venisonraw":2,"minecraft:flint":3,"minecraft:oak_log":58,"minecraft:dirt":75,"minecraft:cooked_mutton":4,"minecraft:apple":2,"minecraft:wheat_seeds":2,"betteranimalsplus:antler":2,"minecraft:beef":5,"quark:yellow_blossom_sapling":4,"minecraft:furnace":1,"minecraft:stick":22,"quark:shale":1,"minecraft:gravel":21,"quark:blossom_log":23,"betteranimalsplus:eel_meat_raw":5,"minecraft:rotten_flesh":3,"betteranimalsplus:eel_meat_cooked":5,"minecraft:oak_sapling":25,"minecraft:coal":24,"minecraft:cobblestone":47,"betteranimalsplus:goose_egg":6},"minecraft:killed":{"betteranimalsplus:lamprey":1,"betteranimalsplus:eel_freshwater":1,"minecraft:zombie":1,"minecraft:chicken":4,"betteranimalsplus:goose":1,"betteranimalsplus:deer":1,"minecraft:drowned":1,"minecraft:cow":2},"minecraft:dropped":{"gravestone:obituary":1},"minecraft:broken":{"minecraft:wooden_axe":1,"minecraft:wooden_pickaxe":1},"minecraft:crafted":{"minecraft:cooked_beef":5,"minecraft:coal_block":1,"betteranimalsplus:venisoncooked":2,"minecraft:oak_planks":20,"minecraft:crafting_table":1,"minecraft:wooden_pickaxe":1,"minecraft:furnace":1,"minecraft:stone_axe":1,"minecraft:air":0,"minecraft:stick":8,"minecraft:stone_pickaxe":1,"minecraft:wooden_axe":1,"minecraft:torch":4},"minecraft:killed_by":{"minecraft:vindicator":1,"minecraft:zombie":1,"betteranimalsplus:lamprey":1},"minecraft:used":{"minecraft:cooked_mutton":4,"minecraft:stone_pickaxe":14,"minecraft:wooden_pickaxe":59,"minecraft:torch":4,"minecraft:dirt":1,"minecraft:crafting_table":3,"minecraft:wooden_axe":58,"minecraft:apple":2,"minecraft:stone_axe":39,"minecraft:furnace":1,"minecraft:cooked_beef":1},"minecraft:custom":{"minecraft:interact_with_furnace":7,"minecraft:mob_kills":13,"minecraft:interact_with_crafting_table":8,"minecraft:time_since_death":6954,"minecraft:time_since_rest":6986,"minecraft:sprint_one_cm":82669,"minecraft:damage_taken":692,"minecraft:walk_one_cm":102768,"minecraft:drop":1,"minecraft:damage_dealt":1231,"minecraft:swim_one_cm":42695,"minecraft:fly_one_cm":126526,"minecraft:crouch_one_cm":5062,"minecraft:play_time":40066,"minecraft:deaths":3,"minecraft:sneak_time":2383,"minecraft:walk_under_water_one_cm":7659,"minecraft:jump":898,"minecraft:walk_on_water_one_cm":4847,"minecraft:total_world_time":40066,"minecraft:fall_one_cm":15564}},"DataVersion":3120}