{"stats":{"minecraft:used":{"minecraft:oak_trapdoor":1,"minecraft:stone_sword":132,"minecraft:stone_shovel":131,"minecraft:shield":3,"minecraft:stone_hoe":95,"minecraft:cooked_chicken":12,"betteranimalsplus:fried_egg":6,"minecraft:iron_chestplate":1,"minecraft:torch":14,"minecraft:brewing_stand":4,"minecraft:dirt":256,"minecraft:hopper":2,"minecraft:carrot":76,"minecraft:wooden_axe":58,"betteranimalsplus:eel_meat_cooked":5,"minecraft:iron_helmet":1,"minecraft:iron_boots":1,"minecraft:melon_seeds":7,"minecraft:bamboo":111,"minecraft:bow":59,"minecraft:oak_sapling":1,"minecraft:furnace":4,"minecraft:egg":7,"minecraft:cooked_beef":5,"minecraft:iron_leggings":1,"betteranimalsplus:venisoncooked":2,"minecraft:wheat_seeds":20,"minecraft:cooked_mutton":4,"minecraft:water_bucket":3,"supplementaries:sack":9,"minecraft:stone_pickaxe":167,"minecraft:wooden_pickaxe":59,"minecraft:sandstone":2,"minecraft:fletching_table":2,"minecraft:golden_hoe":3,"minecraft:sand":61,"minecraft:crafting_table":6,"minecraft:apple":9,"minecraft:acacia_sign":1,"minecraft:melon_slice":89,"minecraft:bread":1,"minecraft:iron_pickaxe":22,"minecraft:stone_axe":204,"minecraft:potion":3,"minecraft:cooked_porkchop":1,"minecraft:bucket":3,"quark:oak_chest":1,"minecraft:oak_boat":1,"minecraft:coarse_dirt":1,"minecraft:bone_meal":24},"minecraft:killed":{"betteranimalsplus:coyote":3,"minecraft:spider":7,"minecraft:skeleton":7,"minecraft:chicken":12,"betteranimalsplus:goose":1,"betteranimalsplus:deer":1,"minecraft:drowned":1,"minecraft:husk":4,"betteranimalsplus:lamprey":1,"minecraft:pig":1,"minecraft:creeper":2,"betteranimalsplus:eel_freshwater":1,"minecraft:zombie":6,"minecraft:cow":2},"minecraft:custom":{"minecraft:mob_kills":51,"minecraft:inspect_hopper":1,"minecraft:interact_with_crafting_table":46,"minecraft:open_barrel":21,"minecraft:leave_game":4,"minecraft:time_since_death":43183,"minecraft:climb_one_cm":5369,"minecraft:sprint_one_cm":396071,"minecraft:walk_one_cm":734075,"minecraft:damage_blocked_by_shield":50,"minecraft:drop":17,"minecraft:talked_to_villager":41,"minecraft:play_time":204287,"minecraft:deaths":6,"minecraft:sneak_time":5497,"minecraft:walk_under_water_one_cm":8703,"minecraft:boat_one_cm":122199,"minecraft:jump":3068,"minecraft:walk_on_water_one_cm":17690,"minecraft:total_world_time":204287,"minecraft:interact_with_furnace":32,"minecraft:traded_with_villager":19,"minecraft:interact_with_grindstone":3,"minecraft:time_since_rest":43219,"minecraft:waystone_activated":2,"minecraft:damage_taken":8441,"minecraft:damage_dealt":4034,"minecraft:swim_one_cm":46509,"minecraft:fly_one_cm":396679,"minecraft:open_chest":63,"minecraft:crouch_one_cm":10373,"minecraft:interact_with_smoker":2,"minecraft:fall_one_cm":56109},"minecraft:crafted":{"betteranimalsplus:venisoncooked":2,"minecraft:oak_planks":144,"minecraft:stone_shovel":1,"minecraft:cooked_chicken":12,"minecraft:furnace":1,"minecraft:bone_meal":24,"minecraft:oak_trapdoor":2,"minecraft:hopper":1,"minecraft:bow":1,"minecraft:iron_boots":1,"minecraft:melon_seeds":6,"minecraft:stone_pickaxe":2,"minecraft:stone_hoe":1,"minecraft:cooked_beef":5,"minecraft:coal_block":1,"minecraft:emerald":12,"minecraft:arrow":124,"minecraft:cooked_porkchop":1,"minecraft:crafting_table":1,"minecraft:wooden_pickaxe":1,"minecraft:iron_helmet":1,"minecraft:fletching_table":1,"minecraft:bucket":1,"minecraft:stone_axe":2,"minecraft:bread":4,"minecraft:air":0,"minecraft:oak_boat":1,"minecraft:iron_chestplate":1,"minecraft:shield":1,"minecraft:stick":377,"quark:oak_chest":2,"minecraft:iron_ingot":45,"minecraft:iron_pickaxe":1,"minecraft:wooden_axe":1,"minecraft:stone_sword":2,"minecraft:sandstone":1,"betteranimalsplus:fried_egg":6,"minecraft:iron_leggings":1,"minecraft:torch":16},"minecraft:killed_by":{"betteranimalsplus:lamprey":1,"minecraft:vindicator":1,"minecraft:zombie":1},"minecraft:mined":{"minecraft:attached_melon_stem":1,"minecraft:oak_sapling":1,"quark:shale":1,"minecraft:jungle_leaves":2,"minecraft:potted_cactus":1,"minecraft:brewing_stand":4,"gravestone:gravestone":6,"minecraft:grass_block":110,"minecraft:red_sandstone_stairs":1,"minecraft:hopper":1,"minecraft:sandstone":6,"minecraft:furnace":3,"minecraft:carrots":17,"minecraft:red_sandstone":1,"minecraft:iron_ore":57,"treechop:chopped_log":14,"minecraft:fletching_table":1,"minecraft:peony":1,"create:asurine":1,"minecraft:deepslate_iron_ore":6,"minecraft:vine":1,"minecraft:bamboo_sapling":1,"minecraft:bamboo":208,"minecraft:stone":58,"create:veridium":1,"minecraft:deepslate_redstone_ore":12,"minecraft:red_sandstone_slab":4,"minecraft:crafting_table":5,"minecraft:melon":23,"minecraft:dead_bush":3,"mekanism:tin_ore":1,"supplementaries:sack":9,"minecraft:tall_grass":6,"supplementaries:urn":2,"create:mechanical_saw":1,"minecraft:coarse_dirt":1,"minecraft:wheat":7,"minecraft:grass":35,"minecraft:oak_log":7,"minecraft:red_sandstone_wall":1,"minecraft:coal_ore":67,"mekanism:lead_ore":1,"minecraft:gravel":26,"minecraft:sand":127,"minecraft:dirt":146,"mekanism:deepslate_uranium_ore":8,"minecraft:deepslate":5,"minecraft:fern":2},"minecraft:broken":{"minecraft:stone_sword":2,"minecraft:wooden_pickaxe":1,"minecraft:stone_pickaxe":1,"minecraft:stone_axe":2,"minecraft:wooden_axe":1,"minecraft:stone_shovel":1},"minecraft:dropped":{"minecraft:wheat_seeds":1,"create:mechanical_saw":2,"gravestone:obituary":5,"mekanism:raw_lead":1,"minecraft:sugar":6,"quark:seed_pouch":1,"minecraft:furnace":1,"minecraft:rotten_flesh":4,"create:asurine":1,"mekanism:raw_tin":1,"minecraft:oak_sapling":1,"minecraft:red_sandstone_stairs":1},"minecraft:picked_up":{"minecraft:wooden_axe":1,"minecraft:coarse_dirt":1,"minecraft:crafting_table":5,"minecraft:wheat":6,"mekanism:raw_uranium":7,"minecraft:sandstone_slab":2,"minecraft:chicken":12,"minecraft:flower_pot":1,"minecraft:red_sandstone_stairs":1,"betteranimalsplus:venisonraw":2,"minecraft:brewing_stand":4,"minecraft:string":8,"minecraft:cobbled_deepslate":4,"minecraft:bucket":1,"minecraft:acacia_sign":1,"minecraft:beef":5,"minecraft:iron_nugget":22,"quark:yellow_blossom_sapling":4,"minecraft:melon_slice":117,"minecraft:egg":3,"minecraft:furnace":4,"minecraft:stick":42,"minecraft:raw_iron":62,"minecraft:sandstone":6,"minecraft:porkchop":2,"quark:blossom_log":23,"quark:seed_pouch":2,"minecraft:redstone":53,"minecraft:carrot":57,"mekanism:raw_tin":2,"minecraft:cactus":4,"minecraft:arrow":6,"minecraft:stone_shovel":1,"minecraft:rotten_flesh":16,"minecraft:red_sandstone_slab":4,"minecraft:peony":1,"create:asurine":1,"create:veridium":1,"supplementaries:ash":5,"minecraft:cobblestone":58,"betteranimalsplus:goose_egg":6,"minecraft:feather":10,"mekanism:raw_lead":2,"minecraft:leather":1,"minecraft:flint":3,"minecraft:oak_log":72,"minecraft:gunpowder":2,"minecraft:dirt":256,"minecraft:cooked_mutton":4,"minecraft:bone":11,"minecraft:apple":3,"minecraft:wheat_seeds":21,"betteranimalsplus:antler":2,"minecraft:stone_pickaxe":1,"minecraft:fletching_table":2,"minecraft:bamboo":629,"minecraft:stone_hoe":2,"minecraft:acacia_sapling":1,"create:mechanical_saw":2,"minecraft:red_sandstone_wall":1,"supplementaries:sack":9,"quark:shale":1,"minecraft:gravel":21,"minecraft:sand":145,"minecraft:spider_eye":1,"betteranimalsplus:eel_meat_raw":5,"minecraft:sugar":6,"minecraft:stone_axe":2,"betteranimalsplus:eel_meat_cooked":5,"minecraft:iron_helmet":1,"minecraft:oak_sapling":36,"minecraft:melon_seeds":7,"minecraft:coal":67,"minecraft:hopper":1}},"DataVersion":3120}