{"stats":{"minecraft:mined":{"minecraft:red_sandstone_slab":4,"quark:shale":1,"minecraft:jungle_leaves":2,"minecraft:brewing_stand":1,"minecraft:crafting_table":4,"gravestone:gravestone":3,"minecraft:grass_block":9,"minecraft:melon":4,"minecraft:dead_bush":3,"supplementaries:sack":6,"minecraft:red_sandstone_stairs":1,"minecraft:tall_grass":6,"minecraft:furnace":2,"minecraft:red_sandstone":1,"treechop:chopped_log":11,"minecraft:peony":1,"minecraft:red_sandstone_wall":1,"minecraft:grass":30,"minecraft:coal_ore":27,"minecraft:oak_log":7,"minecraft:vine":1,"minecraft:gravel":26,"minecraft:dirt":145,"minecraft:stone":47,"minecraft:fern":2},"minecraft:picked_up":{"minecraft:wooden_axe":1,"minecraft:crafting_table":4,"minecraft:feather":10,"minecraft:chicken":12,"minecraft:red_sandstone_stairs":1,"minecraft:leather":1,"betteranimalsplus:venisonraw":2,"minecraft:flint":3,"minecraft:oak_log":58,"minecraft:brewing_stand":1,"minecraft:string":2,"minecraft:dirt":154,"minecraft:cooked_mutton":4,"minecraft:apple":2,"minecraft:wheat_seeds":5,"betteranimalsplus:antler":2,"minecraft:acacia_sign":1,"minecraft:beef":5,"quark:yellow_blossom_sapling":4,"minecraft:melon_slice":21,"minecraft:stone_hoe":1,"minecraft:acacia_sapling":1,"minecraft:egg":3,"minecraft:furnace":3,"minecraft:stick":30,"minecraft:red_sandstone_wall":1,"supplementaries:sack":6,"quark:shale":1,"minecraft:gravel":21,"minecraft:porkchop":2,"quark:blossom_log":23,"quark:seed_pouch":2,"betteranimalsplus:eel_meat_raw":5,"minecraft:rotten_flesh":8,"minecraft:red_sandstone_slab":4,"minecraft:peony":1,"betteranimalsplus:eel_meat_cooked":5,"minecraft:oak_sapling":25,"minecraft:coal":27,"minecraft:cobblestone":47,"betteranimalsplus:goose_egg":6},"minecraft:killed":{"betteranimalsplus:lamprey":1,"minecraft:pig":1,"minecraft:spider":1,"betteranimalsplus:eel_freshwater":1,"minecraft:zombie":4,"minecraft:chicken":12,"betteranimalsplus:goose":1,"betteranimalsplus:deer":1,"minecraft:drowned":1,"minecraft:cow":2},"minecraft:dropped":{"quark:seed_pouch":1,"minecraft:furnace":1,"minecraft:wheat_seeds":1,"minecraft:rotten_flesh":4,"gravestone:obituary":2},"minecraft:broken":{"minecraft:wooden_axe":1,"minecraft:wooden_pickaxe":1},"minecraft:crafted":{"minecraft:cooked_beef":5,"minecraft:coal_block":1,"betteranimalsplus:venisoncooked":2,"minecraft:oak_planks":20,"minecraft:cooked_porkchop":1,"minecraft:crafting_table":1,"minecraft:cooked_chicken":12,"minecraft:wooden_pickaxe":1,"minecraft:furnace":1,"minecraft:stone_axe":2,"minecraft:air":0,"minecraft:oak_boat":1,"minecraft:stick":8,"minecraft:stone_pickaxe":1,"minecraft:wooden_axe":1,"betteranimalsplus:fried_egg":6,"minecraft:torch":16},"minecraft:killed_by":{"minecraft:vindicator":1,"minecraft:zombie":1,"betteranimalsplus:lamprey":1},"minecraft:used":{"minecraft:cooked_mutton":4,"supplementaries:sack":4,"minecraft:stone_pickaxe":32,"minecraft:wooden_pickaxe":59,"minecraft:stone_hoe":15,"betteranimalsplus:fried_egg":2,"minecraft:torch":6,"minecraft:dirt":154,"minecraft:crafting_table":5,"minecraft:wooden_axe":58,"minecraft:apple":2,"betteranimalsplus:eel_meat_cooked":5,"minecraft:stone_axe":93,"minecraft:potion":3,"minecraft:furnace":3,"minecraft:oak_boat":1,"minecraft:cooked_beef":5,"betteranimalsplus:venisoncooked":2},"minecraft:custom":{"minecraft:interact_with_furnace":24,"minecraft:mob_kills":26,"minecraft:interact_with_crafting_table":10,"minecraft:open_barrel":21,"minecraft:time_since_death":42954,"minecraft:climb_one_cm":3815,"minecraft:time_since_rest":42986,"minecraft:waystone_activated":1,"minecraft:sprint_one_cm":158547,"minecraft:damage_taken":1248,"minecraft:walk_one_cm":195445,"minecraft:drop":6,"minecraft:damage_dealt":2538,"minecraft:swim_one_cm":45599,"minecraft:talked_to_villager":2,"minecraft:fly_one_cm":224985,"minecraft:open_chest":13,"minecraft:crouch_one_cm":5797,"minecraft:play_time":76066,"minecraft:deaths":3,"minecraft:sneak_time":2643,"minecraft:walk_under_water_one_cm":8295,"minecraft:boat_one_cm":122199,"minecraft:jump":1553,"minecraft:walk_on_water_one_cm":13555,"minecraft:total_world_time":76066,"minecraft:fall_one_cm":29952}},"DataVersion":3120}