{"stats":{"minecraft:used":{"minecraft:stone_shovel":124,"minecraft:shield":3,"minecraft:stone_hoe":95,"minecraft:cooked_chicken":9,"betteranimalsplus:fried_egg":6,"minecraft:iron_chestplate":1,"minecraft:torch":6,"minecraft:dirt":235,"minecraft:carrot":3,"minecraft:wooden_axe":58,"betteranimalsplus:eel_meat_cooked":5,"minecraft:iron_helmet":1,"minecraft:iron_boots":1,"minecraft:bow":4,"minecraft:oak_sapling":1,"minecraft:furnace":4,"minecraft:cooked_beef":5,"minecraft:iron_leggings":1,"betteranimalsplus:venisoncooked":2,"minecraft:wheat_seeds":4,"minecraft:cooked_mutton":4,"minecraft:water_bucket":3,"supplementaries:sack":8,"minecraft:stone_pickaxe":132,"minecraft:wooden_pickaxe":59,"minecraft:sand":23,"minecraft:crafting_table":6,"minecraft:apple":2,"minecraft:acacia_sign":1,"minecraft:stone_axe":139,"minecraft:potion":3,"minecraft:cooked_porkchop":1,"minecraft:bucket":3,"minecraft:oak_boat":1,"minecraft:coarse_dirt":1},"minecraft:killed":{"minecraft:spider":5,"minecraft:skeleton":1,"minecraft:chicken":12,"betteranimalsplus:goose":1,"betteranimalsplus:deer":1,"minecraft:drowned":1,"betteranimalsplus:lamprey":1,"minecraft:pig":1,"betteranimalsplus:eel_freshwater":1,"minecraft:zombie":5,"minecraft:cow":2},"minecraft:custom":{"minecraft:mob_kills":32,"minecraft:interact_with_crafting_table":26,"minecraft:open_barrel":21,"minecraft:leave_game":4,"minecraft:time_since_death":88798,"minecraft:climb_one_cm":5369,"minecraft:sprint_one_cm":261124,"minecraft:walk_one_cm":381647,"minecraft:damage_blocked_by_shield":50,"minecraft:drop":12,"minecraft:talked_to_villager":16,"minecraft:play_time":121910,"minecraft:deaths":3,"minecraft:sneak_time":3629,"minecraft:walk_under_water_one_cm":8540,"minecraft:boat_one_cm":122199,"minecraft:jump":2249,"minecraft:walk_on_water_one_cm":14568,"minecraft:total_world_time":121910,"minecraft:interact_with_furnace":31,"minecraft:interact_with_grindstone":1,"minecraft:time_since_rest":88830,"minecraft:waystone_activated":2,"minecraft:damage_taken":1697,"minecraft:damage_dealt":3471,"minecraft:swim_one_cm":46509,"minecraft:fly_one_cm":310719,"minecraft:open_chest":28,"minecraft:crouch_one_cm":7518,"minecraft:interact_with_smoker":2,"minecraft:fall_one_cm":41686},"minecraft:crafted":{"betteranimalsplus:venisoncooked":2,"minecraft:oak_planks":32,"minecraft:stone_shovel":1,"minecraft:cooked_chicken":12,"minecraft:furnace":1,"minecraft:bow":1,"minecraft:iron_boots":1,"minecraft:stone_pickaxe":2,"minecraft:stone_hoe":1,"minecraft:cooked_beef":5,"minecraft:coal_block":1,"minecraft:arrow":12,"minecraft:cooked_porkchop":1,"minecraft:crafting_table":1,"minecraft:wooden_pickaxe":1,"minecraft:iron_helmet":1,"minecraft:bucket":1,"minecraft:stone_axe":2,"minecraft:air":0,"minecraft:oak_boat":1,"minecraft:iron_chestplate":1,"minecraft:shield":1,"minecraft:stick":8,"minecraft:iron_ingot":42,"minecraft:wooden_axe":1,"betteranimalsplus:fried_egg":6,"minecraft:iron_leggings":1,"minecraft:torch":16},"minecraft:killed_by":{"betteranimalsplus:lamprey":1,"minecraft:vindicator":1,"minecraft:zombie":1},"minecraft:mined":{"minecraft:oak_sapling":1,"quark:shale":1,"minecraft:jungle_leaves":2,"minecraft:brewing_stand":1,"gravestone:gravestone":3,"minecraft:grass_block":110,"minecraft:red_sandstone_stairs":1,"minecraft:furnace":3,"minecraft:red_sandstone":1,"minecraft:iron_ore":47,"treechop:chopped_log":14,"minecraft:peony":1,"create:asurine":1,"minecraft:vine":1,"minecraft:bamboo":1,"minecraft:stone":54,"create:veridium":1,"minecraft:red_sandstone_slab":4,"minecraft:crafting_table":5,"minecraft:melon":11,"minecraft:dead_bush":3,"mekanism:tin_ore":1,"supplementaries:sack":8,"minecraft:tall_grass":6,"supplementaries:urn":1,"minecraft:coarse_dirt":1,"minecraft:grass":35,"minecraft:oak_log":7,"minecraft:red_sandstone_wall":1,"minecraft:coal_ore":67,"mekanism:lead_ore":1,"minecraft:gravel":26,"minecraft:sand":27,"minecraft:dirt":146,"minecraft:fern":2},"minecraft:broken":{"minecraft:wooden_pickaxe":1,"minecraft:stone_axe":1,"minecraft:wooden_axe":1},"minecraft:dropped":{"minecraft:wheat_seeds":1,"gravestone:obituary":2,"mekanism:raw_lead":1,"minecraft:sugar":6,"quark:seed_pouch":1,"minecraft:furnace":1,"minecraft:rotten_flesh":4,"create:asurine":1,"mekanism:raw_tin":1,"minecraft:oak_sapling":1,"minecraft:red_sandstone_stairs":1},"minecraft:picked_up":{"minecraft:wooden_axe":1,"minecraft:coarse_dirt":1,"minecraft:crafting_table":5,"minecraft:chicken":12,"minecraft:red_sandstone_stairs":1,"betteranimalsplus:venisonraw":2,"minecraft:brewing_stand":1,"minecraft:string":5,"minecraft:bucket":1,"minecraft:acacia_sign":1,"minecraft:beef":5,"minecraft:iron_nugget":22,"quark:yellow_blossom_sapling":4,"minecraft:melon_slice":60,"minecraft:egg":3,"minecraft:furnace":4,"minecraft:stick":42,"minecraft:raw_iron":46,"minecraft:porkchop":2,"quark:blossom_log":23,"quark:seed_pouch":2,"mekanism:raw_tin":2,"minecraft:stone_shovel":1,"minecraft:rotten_flesh":15,"minecraft:red_sandstone_slab":4,"minecraft:peony":1,"create:asurine":1,"create:veridium":1,"minecraft:cobblestone":54,"betteranimalsplus:goose_egg":6,"minecraft:feather":10,"mekanism:raw_lead":2,"minecraft:leather":1,"minecraft:flint":3,"minecraft:oak_log":72,"minecraft:dirt":256,"minecraft:cooked_mutton":4,"minecraft:bone":2,"minecraft:apple":3,"minecraft:wheat_seeds":5,"betteranimalsplus:antler":2,"minecraft:stone_pickaxe":1,"minecraft:bamboo":13,"minecraft:stone_hoe":2,"minecraft:acacia_sapling":1,"minecraft:red_sandstone_wall":1,"supplementaries:sack":8,"quark:shale":1,"minecraft:gravel":21,"minecraft:sand":27,"betteranimalsplus:eel_meat_raw":5,"minecraft:sugar":6,"minecraft:stone_axe":1,"betteranimalsplus:eel_meat_cooked":5,"minecraft:iron_helmet":1,"minecraft:oak_sapling":36,"minecraft:coal":67}},"DataVersion":3120}