{"stats":{"minecraft:mined":{"minecraft:red_sandstone_slab":4,"quark:shale":1,"minecraft:jungle_leaves":2,"minecraft:brewing_stand":1,"minecraft:crafting_table":5,"gravestone:gravestone":3,"minecraft:grass_block":9,"minecraft:melon":11,"minecraft:dead_bush":3,"mekanism:tin_ore":1,"supplementaries:sack":7,"minecraft:red_sandstone_stairs":1,"minecraft:tall_grass":6,"minecraft:furnace":3,"minecraft:red_sandstone":1,"treechop:chopped_log":11,"minecraft:peony":1,"minecraft:red_sandstone_wall":1,"minecraft:grass":35,"minecraft:coal_ore":67,"minecraft:oak_log":7,"mekanism:lead_ore":1,"minecraft:vine":1,"minecraft:gravel":26,"minecraft:dirt":145,"minecraft:bamboo":1,"minecraft:stone":50,"minecraft:fern":2},"minecraft:picked_up":{"minecraft:wooden_axe":1,"minecraft:crafting_table":5,"minecraft:feather":10,"minecraft:chicken":12,"mekanism:raw_lead":1,"minecraft:red_sandstone_stairs":1,"minecraft:leather":1,"betteranimalsplus:venisonraw":2,"minecraft:flint":3,"minecraft:oak_log":58,"minecraft:brewing_stand":1,"minecraft:string":3,"minecraft:dirt":154,"minecraft:cooked_mutton":4,"minecraft:bone":2,"minecraft:apple":2,"minecraft:wheat_seeds":5,"betteranimalsplus:antler":2,"minecraft:acacia_sign":1,"minecraft:beef":5,"minecraft:bamboo":13,"quark:yellow_blossom_sapling":4,"minecraft:melon_slice":60,"minecraft:stone_hoe":1,"minecraft:acacia_sapling":1,"minecraft:egg":3,"minecraft:furnace":4,"minecraft:stick":30,"minecraft:red_sandstone_wall":1,"supplementaries:sack":7,"quark:shale":1,"minecraft:gravel":21,"minecraft:porkchop":2,"quark:blossom_log":23,"quark:seed_pouch":2,"mekanism:raw_tin":2,"betteranimalsplus:eel_meat_raw":5,"minecraft:rotten_flesh":8,"minecraft:stone_axe":1,"minecraft:red_sandstone_slab":4,"minecraft:peony":1,"betteranimalsplus:eel_meat_cooked":5,"minecraft:oak_sapling":25,"minecraft:coal":67,"minecraft:cobblestone":50,"betteranimalsplus:goose_egg":6},"minecraft:killed":{"betteranimalsplus:lamprey":1,"minecraft:pig":1,"minecraft:spider":2,"betteranimalsplus:eel_freshwater":1,"minecraft:skeleton":1,"minecraft:zombie":4,"minecraft:chicken":12,"betteranimalsplus:goose":1,"betteranimalsplus:deer":1,"minecraft:drowned":1,"minecraft:cow":2},"minecraft:dropped":{"quark:seed_pouch":1,"minecraft:furnace":1,"minecraft:wheat_seeds":1,"minecraft:rotten_flesh":4,"mekanism:raw_tin":1,"gravestone:obituary":2},"minecraft:broken":{"minecraft:stone_axe":1,"minecraft:wooden_axe":1,"minecraft:wooden_pickaxe":1},"minecraft:crafted":{"minecraft:cooked_beef":5,"minecraft:coal_block":1,"betteranimalsplus:venisoncooked":2,"minecraft:oak_planks":20,"minecraft:arrow":12,"minecraft:cooked_porkchop":1,"minecraft:crafting_table":1,"minecraft:cooked_chicken":12,"minecraft:wooden_pickaxe":1,"minecraft:furnace":1,"minecraft:stone_axe":2,"minecraft:air":0,"minecraft:oak_boat":1,"minecraft:bow":1,"minecraft:stick":8,"minecraft:stone_pickaxe":1,"minecraft:wooden_axe":1,"betteranimalsplus:fried_egg":6,"minecraft:torch":16},"minecraft:killed_by":{"minecraft:vindicator":1,"minecraft:zombie":1,"betteranimalsplus:lamprey":1},"minecraft:used":{"minecraft:cooked_mutton":4,"supplementaries:sack":5,"minecraft:stone_pickaxe":78,"minecraft:wooden_pickaxe":59,"minecraft:stone_hoe":15,"minecraft:cooked_chicken":1,"betteranimalsplus:fried_egg":6,"minecraft:torch":6,"minecraft:dirt":154,"minecraft:crafting_table":5,"minecraft:wooden_axe":58,"minecraft:apple":2,"betteranimalsplus:eel_meat_cooked":5,"minecraft:stone_axe":111,"minecraft:bow":3,"minecraft:potion":3,"minecraft:furnace":3,"minecraft:cooked_porkchop":1,"minecraft:oak_boat":1,"minecraft:cooked_beef":5,"betteranimalsplus:venisoncooked":2},"minecraft:custom":{"minecraft:interact_with_furnace":24,"minecraft:mob_kills":28,"minecraft:interact_with_crafting_table":13,"minecraft:open_barrel":21,"minecraft:interact_with_grindstone":1,"minecraft:time_since_death":54954,"minecraft:climb_one_cm":5369,"minecraft:time_since_rest":54986,"minecraft:waystone_activated":1,"minecraft:sprint_one_cm":197413,"minecraft:damage_taken":1528,"minecraft:walk_one_cm":236025,"minecraft:drop":7,"minecraft:damage_dealt":2698,"minecraft:swim_one_cm":46509,"minecraft:talked_to_villager":9,"minecraft:fly_one_cm":270579,"minecraft:open_chest":16,"minecraft:crouch_one_cm":6898,"minecraft:play_time":88066,"minecraft:deaths":3,"minecraft:sneak_time":3115,"minecraft:walk_under_water_one_cm":8391,"minecraft:boat_one_cm":122199,"minecraft:jump":1780,"minecraft:walk_on_water_one_cm":14269,"minecraft:interact_with_smoker":1,"minecraft:total_world_time":88066,"minecraft:fall_one_cm":34670}},"DataVersion":3120}