{"stats":{"minecraft:mined":{"treechop:chopped_log":10,"minecraft:crafting_table":2,"gravestone:gravestone":2,"minecraft:grass":2,"minecraft:grass_block":3,"minecraft:oak_log":7,"minecraft:coal_ore":24,"minecraft:gravel":26,"minecraft:dirt":72,"minecraft:stone":47},"minecraft:picked_up":{"minecraft:wooden_axe":1,"minecraft:stick":22,"minecraft:crafting_table":2,"minecraft:feather":1,"minecraft:gravel":21,"quark:blossom_log":23,"minecraft:flint":3,"minecraft:oak_log":52,"minecraft:dirt":75,"minecraft:cooked_mutton":4,"minecraft:apple":2,"minecraft:oak_sapling":22,"quark:yellow_blossom_sapling":4,"minecraft:coal":24,"betteranimalsplus:goose_egg":3,"minecraft:cobblestone":47},"minecraft:killed":{"betteranimalsplus:goose":1},"minecraft:dropped":{"gravestone:obituary":1},"minecraft:broken":{"minecraft:wooden_axe":1,"minecraft:wooden_pickaxe":1},"minecraft:crafted":{"minecraft:oak_planks":20,"minecraft:crafting_table":1,"minecraft:stick":8,"minecraft:wooden_pickaxe":1,"minecraft:stone_pickaxe":1,"minecraft:wooden_axe":1,"minecraft:torch":4,"minecraft:stone_axe":1},"minecraft:killed_by":{"minecraft:vindicator":1,"minecraft:zombie":1},"minecraft:used":{"minecraft:cooked_mutton":3,"minecraft:wooden_axe":58,"minecraft:apple":2,"minecraft:stone_pickaxe":12,"minecraft:wooden_pickaxe":59,"minecraft:stone_axe":9,"minecraft:torch":4,"minecraft:dirt":1,"minecraft:crafting_table":2},"minecraft:custom":{"minecraft:time_since_rest":2509,"minecraft:sprint_one_cm":50764,"minecraft:damage_taken":535,"minecraft:walk_one_cm":61611,"minecraft:mob_kills":1,"minecraft:drop":1,"minecraft:damage_dealt":169,"minecraft:swim_one_cm":16625,"minecraft:interact_with_crafting_table":5,"minecraft:fly_one_cm":82920,"minecraft:crouch_one_cm":4772,"minecraft:play_time":28066,"minecraft:deaths":2,"minecraft:sneak_time":2201,"minecraft:walk_under_water_one_cm":1395,"minecraft:jump":588,"minecraft:time_since_death":2375,"minecraft:walk_on_water_one_cm":1741,"minecraft:total_world_time":28066,"minecraft:fall_one_cm":9220}},"DataVersion":3120}