{"stats":{"minecraft:mined":{"minecraft:red_sandstone_slab":4,"quark:shale":1,"minecraft:jungle_leaves":2,"minecraft:brewing_stand":1,"minecraft:crafting_table":5,"gravestone:gravestone":3,"minecraft:grass_block":9,"minecraft:melon":11,"minecraft:dead_bush":3,"mekanism:tin_ore":1,"supplementaries:sack":8,"minecraft:red_sandstone_stairs":1,"minecraft:tall_grass":6,"supplementaries:urn":1,"minecraft:furnace":3,"minecraft:red_sandstone":1,"minecraft:iron_ore":47,"treechop:chopped_log":11,"create:asurine":1,"minecraft:peony":1,"minecraft:red_sandstone_wall":1,"minecraft:grass":35,"minecraft:coal_ore":67,"minecraft:oak_log":7,"mekanism:lead_ore":1,"minecraft:vine":1,"minecraft:gravel":26,"minecraft:dirt":145,"minecraft:bamboo":1,"minecraft:stone":54,"create:veridium":1,"minecraft:fern":2},"minecraft:picked_up":{"minecraft:wooden_axe":1,"minecraft:crafting_table":5,"minecraft:feather":10,"minecraft:chicken":12,"mekanism:raw_lead":2,"minecraft:red_sandstone_stairs":1,"minecraft:leather":1,"betteranimalsplus:venisonraw":2,"minecraft:flint":3,"minecraft:oak_log":58,"minecraft:brewing_stand":1,"minecraft:string":4,"minecraft:dirt":154,"minecraft:cooked_mutton":4,"minecraft:bone":2,"minecraft:apple":2,"minecraft:wheat_seeds":5,"betteranimalsplus:antler":2,"minecraft:acacia_sign":1,"minecraft:beef":5,"minecraft:iron_nugget":22,"minecraft:bamboo":13,"quark:yellow_blossom_sapling":4,"minecraft:melon_slice":60,"minecraft:stone_hoe":1,"minecraft:acacia_sapling":1,"minecraft:egg":3,"minecraft:furnace":4,"minecraft:raw_iron":46,"minecraft:stick":30,"minecraft:red_sandstone_wall":1,"supplementaries:sack":8,"quark:shale":1,"minecraft:gravel":21,"minecraft:porkchop":2,"quark:blossom_log":23,"quark:seed_pouch":2,"minecraft:sugar":6,"mekanism:raw_tin":2,"betteranimalsplus:eel_meat_raw":5,"minecraft:rotten_flesh":8,"minecraft:stone_axe":1,"minecraft:red_sandstone_slab":4,"minecraft:peony":1,"minecraft:iron_helmet":1,"betteranimalsplus:eel_meat_cooked":5,"create:asurine":1,"create:veridium":1,"minecraft:oak_sapling":25,"minecraft:coal":67,"minecraft:cobblestone":54,"betteranimalsplus:goose_egg":6},"minecraft:killed":{"betteranimalsplus:lamprey":1,"minecraft:pig":1,"minecraft:spider":3,"betteranimalsplus:eel_freshwater":1,"minecraft:skeleton":1,"minecraft:zombie":4,"minecraft:chicken":12,"betteranimalsplus:goose":1,"betteranimalsplus:deer":1,"minecraft:drowned":1,"minecraft:cow":2},"minecraft:dropped":{"quark:seed_pouch":1,"minecraft:furnace":1,"minecraft:wheat_seeds":1,"minecraft:rotten_flesh":4,"create:asurine":1,"mekanism:raw_tin":1,"mekanism:raw_lead":1,"gravestone:obituary":2,"minecraft:sugar":6,"minecraft:red_sandstone_stairs":1},"minecraft:broken":{"minecraft:stone_axe":1,"minecraft:wooden_axe":1,"minecraft:wooden_pickaxe":1},"minecraft:crafted":{"minecraft:cooked_beef":5,"minecraft:coal_block":1,"betteranimalsplus:venisoncooked":2,"minecraft:oak_planks":32,"minecraft:arrow":12,"minecraft:cooked_porkchop":1,"minecraft:crafting_table":1,"minecraft:iron_helmet":1,"minecraft:cooked_chicken":12,"minecraft:wooden_pickaxe":1,"minecraft:furnace":1,"minecraft:stone_axe":2,"minecraft:air":0,"minecraft:oak_boat":1,"minecraft:iron_chestplate":1,"minecraft:bow":1,"minecraft:shield":1,"minecraft:iron_ingot":11,"minecraft:stick":8,"minecraft:stone_pickaxe":1,"minecraft:wooden_axe":1,"betteranimalsplus:fried_egg":6,"minecraft:torch":16},"minecraft:killed_by":{"minecraft:vindicator":1,"minecraft:zombie":1,"betteranimalsplus:lamprey":1},"minecraft:used":{"minecraft:cooked_mutton":4,"supplementaries:sack":6,"minecraft:stone_pickaxe":132,"minecraft:wooden_pickaxe":59,"minecraft:stone_hoe":15,"minecraft:cooked_chicken":3,"betteranimalsplus:fried_egg":6,"minecraft:iron_chestplate":1,"minecraft:torch":6,"minecraft:dirt":154,"minecraft:crafting_table":6,"minecraft:wooden_axe":58,"minecraft:apple":2,"betteranimalsplus:eel_meat_cooked":5,"minecraft:acacia_sign":1,"minecraft:iron_helmet":1,"minecraft:stone_axe":112,"minecraft:bow":4,"minecraft:potion":3,"minecraft:furnace":4,"minecraft:cooked_porkchop":1,"minecraft:oak_boat":1,"minecraft:cooked_beef":5,"betteranimalsplus:venisoncooked":2},"minecraft:custom":{"minecraft:interact_with_furnace":30,"minecraft:mob_kills":29,"minecraft:interact_with_crafting_table":21,"minecraft:open_barrel":21,"minecraft:interact_with_grindstone":1,"minecraft:leave_game":1,"minecraft:time_since_death":67919,"minecraft:climb_one_cm":5369,"minecraft:time_since_rest":67951,"minecraft:waystone_activated":1,"minecraft:sprint_one_cm":207556,"minecraft:damage_taken":1558,"minecraft:walk_one_cm":295329,"minecraft:drop":11,"minecraft:damage_dealt":2768,"minecraft:swim_one_cm":46509,"minecraft:talked_to_villager":12,"minecraft:fly_one_cm":276576,"minecraft:open_chest":21,"minecraft:crouch_one_cm":7220,"minecraft:play_time":101031,"minecraft:deaths":3,"minecraft:sneak_time":3388,"minecraft:walk_under_water_one_cm":8391,"minecraft:boat_one_cm":122199,"minecraft:jump":1938,"minecraft:walk_on_water_one_cm":14301,"minecraft:interact_with_smoker":2,"minecraft:total_world_time":101031,"minecraft:fall_one_cm":36526}},"DataVersion":3120}