{"stats":{"minecraft:mined":{"minecraft:grass":1,"minecraft:oak_log":2,"treechop:chopped_log":2,"minecraft:crafting_table":1},"minecraft:picked_up":{"minecraft:wooden_axe":1,"minecraft:crafting_table":1,"minecraft:stick":4,"minecraft:apple":1,"minecraft:oak_log":15,"minecraft:oak_sapling":5},"minecraft:crafted":{"minecraft:oak_planks":12,"minecraft:crafting_table":1,"minecraft:stick":4,"minecraft:wooden_pickaxe":1,"minecraft:wooden_axe":1},"minecraft:used":{"minecraft:wooden_axe":13,"minecraft:crafting_table":1},"minecraft:custom":{"minecraft:time_since_rest":4066,"minecraft:crouch_one_cm":206,"minecraft:play_time":4066,"minecraft:sprint_one_cm":10545,"minecraft:walk_one_cm":7912,"minecraft:sneak_time":99,"minecraft:jump":79,"minecraft:walk_on_water_one_cm":229,"minecraft:time_since_death":4066,"minecraft:total_world_time":4066,"minecraft:fall_one_cm":1434,"minecraft:interact_with_crafting_table":2,"minecraft:fly_one_cm":10398}},"DataVersion":3120}