{"stats":{"minecraft:dropped":{"gravestone:obituary":1,"minecraft:rotten_flesh":1,"minecraft:string":2},"minecraft:used":{"minecraft:apple":4,"supplementaries:sack":7,"minecraft:egg":5,"waystones:waystone":1},"minecraft:picked_up":{"create:copper_ladder":2,"minecraft:rotten_flesh":1,"minecraft:jungle_log":9,"supplementaries:sack":9,"minecraft:pumpkin_pie":1,"minecraft:jungle_sapling":2,"minecraft:string":2,"minecraft:egg":1},"minecraft:mined":{"minecraft:vine":3,"minecraft:dead_bush":1,"supplementaries:sack":9,"create:copper_ladder":2,"treechop:chopped_log":1},"minecraft:killed_by":{"minecraft:zombie":1},"minecraft:custom":{"minecraft:open_barrel":25,"minecraft:time_since_rest":38059,"minecraft:open_chest":19,"minecraft:waystone_activated":3,"minecraft:crouch_one_cm":89,"minecraft:sprint_one_cm":43287,"minecraft:play_time":52595,"minecraft:walk_one_cm":125225,"minecraft:damage_taken":680,"minecraft:deaths":3,"minecraft:sneak_time":19,"minecraft:trigger_trapped_chest":1,"minecraft:drop":4,"minecraft:jump":834,"minecraft:leave_game":3,"minecraft:time_since_death":39689,"minecraft:sleep_in_bed":1,"minecraft:total_world_time":52595,"minecraft:climb_one_cm":4837,"minecraft:fall_one_cm":28740,"minecraft:fly_one_cm":58882}},"DataVersion":3120}