{
  "idas:idas_root": {
    "criteria": {
      "always": "2024-11-17 04:12:28 +0000"
    },
    "done": true
  },
  "betteranimalsplus:bad_fox": {
    "criteria": {
      "no_bam": "2024-11-17 04:12:31 +0000"
    },
    "done": false
  },
  "betteranimalsplus:boar_killed_player": {
    "criteria": {
      "boar_kill": "2024-11-17 04:13:54 +0000"
    },
    "done": true
  },
  "create:root": {
    "criteria": {
      "0": "2024-11-17 04:12:28 +0000"
    },
    "done": true
  },
  "minecraft:husbandry/root": {
    "criteria": {
      "consumed_item": "2024-11-17 15:52:27 +0000"
    },
    "done": true
  },
  "mekanismadditions:hurt_by_babies": {
    "criteria": {
      "baby_skeleton": "2024-11-17 15:33:32 +0000"
    },
    "done": false
  },
  "minecraft:adventure/kill_a_mob": {
    "criteria": {
      "minecraft:zombie": "2024-11-17 15:54:31 +0000"
    },
    "done": true
  },
  "minecraft:adventure/kill_all_mobs": {
    "criteria": {
      "minecraft:zombie": "2024-11-17 15:54:31 +0000"
    },
    "done": false
  },
  "minecraft:story/upgrade_tools": {
    "criteria": {
      "stone_pickaxe": "2024-11-17 15:35:57 +0000"
    },
    "done": true
  },
  "weaponmaster:parts/root": {
    "criteria": {
      "crafting_table": "2024-11-17 04:12:28 +0000"
    },
    "done": true
  },
  "minecraft:story/root": {
    "criteria": {
      "crafting_table": "2024-11-17 15:31:49 +0000"
    },
    "done": true
  },
  "mekanism:root": {
    "criteria": {
      "automatic": "2024-11-17 04:12:28 +0000"
    },
    "done": true
  },
  "mekanismadditions:not_the_babies": {
    "criteria": {
      "baby_skeleton": "2024-11-17 15:34:38 +0000"
    },
    "done": true
  },
  "minecraft:story/obtain_armor": {
    "criteria": {
      "iron_helmet": "2024-11-17 16:34:34 +0000"
    },
    "done": true
  },
  "minecraft:husbandry/balanced_diet": {
    "criteria": {
      "cooked_porkchop": "2024-11-17 15:53:10 +0000",
      "cooked_mutton": "2024-11-17 15:52:27 +0000",
      "apple": "2024-11-17 16:23:01 +0000",
      "bread": "2024-11-17 16:35:14 +0000"
    },
    "done": false
  },
  "minecraft:story/smelt_iron": {
    "criteria": {
      "iron": "2024-11-17 16:34:33 +0000"
    },
    "done": true
  },
  "betteranimalsplus:root": {
    "criteria": {
      "tick": "2024-11-17 04:12:28 +0000"
    },
    "done": true
  },
  "idas:enchantingtower": {
    "criteria": {
      "in_enchantingtower": "2024-11-17 15:57:06 +0000"
    },
    "done": true
  },
  "minecraft:story/mine_stone": {
    "criteria": {
      "get_stone": "2024-11-17 15:35:28 +0000"
    },
    "done": true
  },
  "minecraft:adventure/root": {
    "criteria": {
      "killed_by_something": "2024-11-17 04:13:54 +0000"
    },
    "done": true
  },
  "eeeabsmobs:eeeabsmobs/root": {
    "criteria": {
      "requirement": "2024-11-17 04:12:28 +0000"
    },
    "done": true
  },
  "minecraft:adventure/adventuring_time": {
    "criteria": {
      "minecraft:snowy_slopes": "2024-11-17 16:00:44 +0000",
      "minecraft:deep_ocean": "2024-11-17 16:17:14 +0000",
      "minecraft:sunflower_plains": "2024-11-17 04:12:29 +0000",
      "minecraft:wooded_badlands": "2024-11-17 16:32:14 +0000",
      "minecraft:badlands": "2024-11-17 16:23:25 +0000",
      "minecraft:beach": "2024-11-17 15:28:56 +0000",
      "minecraft:sparse_jungle": "2024-11-17 16:32:42 +0000",
      "minecraft:river": "2024-11-17 15:33:48 +0000",
      "minecraft:lukewarm_ocean": "2024-11-17 16:17:43 +0000",
      "minecraft:stony_shore": "2024-11-17 15:33:39 +0000",
      "minecraft:desert": "2024-11-17 16:21:27 +0000",
      "minecraft:ocean": "2024-11-17 16:16:30 +0000",
      "minecraft:deep_lukewarm_ocean": "2024-11-17 16:17:21 +0000",
      "minecraft:flower_forest": "2024-11-17 15:33:55 +0000",
      "minecraft:frozen_peaks": "2024-11-17 16:03:39 +0000",
      "minecraft:meadow": "2024-11-17 15:54:41 +0000",
      "minecraft:savanna": "2024-11-17 16:19:31 +0000",
      "minecraft:plains": "2024-11-17 15:55:19 +0000"
    },
    "done": false
  },
  "DataVersion": 3120
}