{
  "idas:idas_root": {
    "criteria": {
      "always": "2024-11-17 15:11:40 +0000"
    },
    "done": true
  },
  "mekanism:root": {
    "criteria": {
      "automatic": "2024-11-17 15:11:40 +0000"
    },
    "done": true
  },
  "betteranimalsplus:bad_fox": {
    "criteria": {
      "no_bam": "2024-11-17 15:11:46 +0000"
    },
    "done": false
  },
  "betteranimalsplus:root": {
    "criteria": {
      "tick": "2024-11-17 15:11:40 +0000"
    },
    "done": true
  },
  "create:root": {
    "criteria": {
      "0": "2024-11-17 15:11:40 +0000"
    },
    "done": true
  },
  "eeeabsmobs:eeeabsmobs/root": {
    "criteria": {
      "requirement": "2024-11-17 15:11:40 +0000"
    },
    "done": true
  },
  "weaponmaster:parts/root": {
    "criteria": {
      "crafting_table": "2024-11-17 15:11:40 +0000"
    },
    "done": true
  },
  "minecraft:adventure/adventuring_time": {
    "criteria": {
      "minecraft:sunflower_plains": "2024-11-17 15:11:41 +0000"
    },
    "done": false
  },
  "DataVersion": 3120
}