{
  "idas:idas_root": {
    "criteria": {
      "always": "2024-11-17 15:11:40 +0000"
    },
    "done": true
  },
  "betteranimalsplus:animal_head_variants": {
    "criteria": {
      "head12": "2024-11-17 16:01:37 +0000"
    },
    "done": false
  },
  "mekanismadditions:hurt_by_babies": {
    "criteria": {
      "baby_skeleton": "2024-11-17 15:36:45 +0000"
    },
    "done": false
  },
  "minecraft:adventure/kill_a_mob": {
    "criteria": {
      "minecraft:zombie": "2024-11-17 15:20:54 +0000"
    },
    "done": true
  },
  "minecraft:adventure/kill_all_mobs": {
    "criteria": {
      "minecraft:zombie": "2024-11-17 15:20:54 +0000"
    },
    "done": false
  },
  "weaponmaster:parts/root": {
    "criteria": {
      "crafting_table": "2024-11-17 15:11:40 +0000"
    },
    "done": true
  },
  "mekanism:root": {
    "criteria": {
      "automatic": "2024-11-17 15:11:40 +0000"
    },
    "done": true
  },
  "minecraft:story/obtain_armor": {
    "criteria": {
      "iron_chestplate": "2024-11-17 16:23:41 +0000"
    },
    "done": true
  },
  "minecraft:husbandry/balanced_diet": {
    "criteria": {
      "cooked_mutton": "2024-11-17 15:46:22 +0000",
      "suspicious_stew": "2024-11-17 16:26:00 +0000",
      "cooked_salmon": "2024-11-17 16:32:02 +0000",
      "carrot": "2024-11-17 16:23:09 +0000"
    },
    "done": false
  },
  "idas:enchantingtower": {
    "criteria": {
      "in_enchantingtower": "2024-11-17 15:59:27 +0000"
    },
    "done": true
  },
  "minecraft:story/mine_stone": {
    "criteria": {
      "get_stone": "2024-11-17 15:31:04 +0000"
    },
    "done": true
  },
  "betteranimalsplus:animal_head_all": {
    "criteria": {
      "head12": "2024-11-17 16:01:37 +0000"
    },
    "done": false
  },
  "minecraft:adventure/adventuring_time": {
    "criteria": {
      "minecraft:snowy_slopes": "2024-11-17 15:57:02 +0000",
      "minecraft:deep_ocean": "2024-11-17 16:19:26 +0000",
      "minecraft:sunflower_plains": "2024-11-17 15:11:41 +0000",
      "minecraft:birch_forest": "2024-11-17 16:33:18 +0000",
      "minecraft:beach": "2024-11-17 15:19:31 +0000",
      "minecraft:dark_forest": "2024-11-17 16:33:49 +0000",
      "minecraft:river": "2024-11-17 15:38:42 +0000",
      "minecraft:lukewarm_ocean": "2024-11-17 16:15:51 +0000",
      "minecraft:stony_shore": "2024-11-17 15:38:17 +0000",
      "minecraft:ocean": "2024-11-17 15:38:43 +0000",
      "minecraft:old_growth_spruce_taiga": "2024-11-17 16:34:13 +0000",
      "minecraft:flower_forest": "2024-11-17 15:50:13 +0000",
      "minecraft:frozen_peaks": "2024-11-17 16:03:23 +0000",
      "minecraft:old_growth_birch_forest": "2024-11-17 16:35:34 +0000",
      "minecraft:plains": "2024-11-17 15:54:12 +0000"
    },
    "done": false
  },
  "supplementaries:husbandry/sus_stew": {
    "criteria": {
      "stew": "2024-11-17 16:26:00 +0000"
    },
    "done": true
  },
  "betteranimalsplus:bad_fox": {
    "criteria": {
      "no_bam": "2024-11-17 15:11:46 +0000"
    },
    "done": false
  },
  "create:root": {
    "criteria": {
      "0": "2024-11-17 15:11:40 +0000"
    },
    "done": true
  },
  "minecraft:husbandry/root": {
    "criteria": {
      "consumed_item": "2024-11-17 15:46:22 +0000"
    },
    "done": true
  },
  "minecraft:story/mine_diamond": {
    "criteria": {
      "diamond": "2024-11-17 16:30:49 +0000"
    },
    "done": true
  },
  "minecraft:story/upgrade_tools": {
    "criteria": {
      "stone_pickaxe": "2024-11-17 15:34:05 +0000"
    },
    "done": true
  },
  "minecraft:story/root": {
    "criteria": {
      "crafting_table": "2024-11-17 15:24:48 +0000"
    },
    "done": true
  },
  "minecraft:story/smelt_iron": {
    "criteria": {
      "iron": "2024-11-17 16:13:08 +0000"
    },
    "done": true
  },
  "betteranimalsplus:root": {
    "criteria": {
      "tick": "2024-11-17 15:11:40 +0000"
    },
    "done": true
  },
  "minecraft:adventure/root": {
    "criteria": {
      "killed_by_something": "2024-11-17 15:19:58 +0000"
    },
    "done": true
  },
  "betteranimalsplus:shark_target_player": {
    "criteria": {
      "targeted": "2024-11-17 16:19:12 +0000"
    },
    "done": true
  },
  "eeeabsmobs:eeeabsmobs/root": {
    "criteria": {
      "requirement": "2024-11-17 15:11:40 +0000"
    },
    "done": true
  },
  "betteranimalsplus:animal_head_first": {
    "criteria": {
      "head12": "2024-11-17 16:01:37 +0000"
    },
    "done": true
  },
  "DataVersion": 3120
}