{
  "idas:idas_root": {
    "criteria": {
      "always": "2024-11-17 15:11:40 +0000"
    },
    "done": true
  },
  "betteranimalsplus:bad_fox": {
    "criteria": {
      "no_bam": "2024-11-17 15:11:46 +0000"
    },
    "done": false
  },
  "create:root": {
    "criteria": {
      "0": "2024-11-17 15:11:40 +0000"
    },
    "done": true
  },
  "mekanismadditions:hurt_by_babies": {
    "criteria": {
      "baby_skeleton": "2024-11-17 15:36:45 +0000"
    },
    "done": false
  },
  "minecraft:adventure/kill_a_mob": {
    "criteria": {
      "minecraft:zombie": "2024-11-17 15:20:54 +0000"
    },
    "done": true
  },
  "minecraft:adventure/kill_all_mobs": {
    "criteria": {
      "minecraft:zombie": "2024-11-17 15:20:54 +0000"
    },
    "done": false
  },
  "minecraft:story/upgrade_tools": {
    "criteria": {
      "stone_pickaxe": "2024-11-17 15:34:05 +0000"
    },
    "done": true
  },
  "weaponmaster:parts/root": {
    "criteria": {
      "crafting_table": "2024-11-17 15:11:40 +0000"
    },
    "done": true
  },
  "minecraft:story/root": {
    "criteria": {
      "crafting_table": "2024-11-17 15:24:48 +0000"
    },
    "done": true
  },
  "mekanism:root": {
    "criteria": {
      "automatic": "2024-11-17 15:11:40 +0000"
    },
    "done": true
  },
  "betteranimalsplus:root": {
    "criteria": {
      "tick": "2024-11-17 15:11:40 +0000"
    },
    "done": true
  },
  "minecraft:story/mine_stone": {
    "criteria": {
      "get_stone": "2024-11-17 15:31:04 +0000"
    },
    "done": true
  },
  "minecraft:adventure/root": {
    "criteria": {
      "killed_by_something": "2024-11-17 15:19:58 +0000"
    },
    "done": true
  },
  "eeeabsmobs:eeeabsmobs/root": {
    "criteria": {
      "requirement": "2024-11-17 15:11:40 +0000"
    },
    "done": true
  },
  "minecraft:adventure/adventuring_time": {
    "criteria": {
      "minecraft:sunflower_plains": "2024-11-17 15:11:41 +0000",
      "minecraft:beach": "2024-11-17 15:19:31 +0000",
      "minecraft:river": "2024-11-17 15:38:42 +0000",
      "minecraft:stony_shore": "2024-11-17 15:38:17 +0000",
      "minecraft:ocean": "2024-11-17 15:38:43 +0000"
    },
    "done": false
  },
  "DataVersion": 3120
}