{
  "idas:idas_root": {
    "criteria": {
      "always": "2024-11-17 15:32:47 +0000"
    },
    "done": true
  },
  "betteranimalsplus:bad_fox": {
    "criteria": {
      "no_bam": "2024-11-17 15:33:00 +0000"
    },
    "done": false
  },
  "create:root": {
    "criteria": {
      "0": "2024-11-17 15:32:47 +0000"
    },
    "done": true
  },
  "minecraft:husbandry/root": {
    "criteria": {
      "consumed_item": "2024-11-17 15:38:00 +0000"
    },
    "done": true
  },
  "mekanismadditions:hurt_by_babies": {
    "criteria": {
      "baby_skeleton": "2024-11-17 15:37:51 +0000"
    },
    "done": false
  },
  "betteranimalsplus:lamprey_succ": {
    "criteria": {
      "lamprey_succ": "2024-11-17 16:00:19 +0000"
    },
    "done": true
  },
  "minecraft:adventure/kill_a_mob": {
    "criteria": {
      "minecraft:zombie": "2024-11-17 15:56:58 +0000"
    },
    "done": true
  },
  "minecraft:adventure/kill_all_mobs": {
    "criteria": {
      "minecraft:skeleton": "2024-11-17 16:43:51 +0000",
      "minecraft:spider": "2024-11-17 16:15:19 +0000",
      "minecraft:zombie": "2024-11-17 15:56:58 +0000",
      "minecraft:drowned": "2024-11-17 16:00:07 +0000"
    },
    "done": false
  },
  "minecraft:story/upgrade_tools": {
    "criteria": {
      "stone_pickaxe": "2024-11-17 15:41:06 +0000"
    },
    "done": true
  },
  "weaponmaster:parts/root": {
    "criteria": {
      "crafting_table": "2024-11-17 15:32:47 +0000"
    },
    "done": true
  },
  "minecraft:story/root": {
    "criteria": {
      "crafting_table": "2024-11-17 15:34:30 +0000"
    },
    "done": true
  },
  "mekanism:root": {
    "criteria": {
      "automatic": "2024-11-17 15:32:47 +0000"
    },
    "done": true
  },
  "minecraft:story/obtain_armor": {
    "criteria": {
      "iron_helmet": "2024-11-17 16:55:19 +0000"
    },
    "done": true
  },
  "minecraft:husbandry/balanced_diet": {
    "criteria": {
      "cooked_porkchop": "2024-11-17 16:39:21 +0000",
      "cooked_mutton": "2024-11-17 15:50:57 +0000",
      "cooked_beef": "2024-11-17 16:05:01 +0000",
      "apple": "2024-11-17 15:38:00 +0000",
      "cooked_chicken": "2024-11-17 16:44:00 +0000"
    },
    "done": false
  },
  "minecraft:story/smelt_iron": {
    "criteria": {
      "iron": "2024-11-17 16:53:13 +0000"
    },
    "done": true
  },
  "betteranimalsplus:root": {
    "criteria": {
      "tick": "2024-11-17 15:32:47 +0000"
    },
    "done": true
  },
  "quark:get_all_blossom_saplings": {
    "criteria": {
      "yellow": "2024-11-17 15:36:28 +0000"
    },
    "done": false
  },
  "idas:enchantingtower": {
    "criteria": {
      "in_enchantingtower": "2024-11-17 16:10:41 +0000"
    },
    "done": true
  },
  "minecraft:story/mine_stone": {
    "criteria": {
      "get_stone": "2024-11-17 15:39:38 +0000"
    },
    "done": true
  },
  "minecraft:adventure/root": {
    "criteria": {
      "killed_something": "2024-11-17 15:37:40 +0000"
    },
    "done": true
  },
  "minecraft:husbandry/plant_seed": {
    "criteria": {
      "wheat": "2024-11-17 20:06:01 +0000"
    },
    "done": true
  },
  "eeeabsmobs:eeeabsmobs/root": {
    "criteria": {
      "requirement": "2024-11-17 15:32:47 +0000"
    },
    "done": true
  },
  "minecraft:adventure/shoot_arrow": {
    "criteria": {
      "shot_arrow": "2024-11-17 16:43:44 +0000"
    },
    "done": true
  },
  "minecraft:adventure/adventuring_time": {
    "criteria": {
      "minecraft:snowy_slopes": "2024-11-17 15:53:46 +0000",
      "minecraft:deep_ocean": "2024-11-17 16:18:12 +0000",
      "minecraft:sunflower_plains": "2024-11-17 15:32:48 +0000",
      "minecraft:wooded_badlands": "2024-11-17 16:37:39 +0000",
      "minecraft:badlands": "2024-11-17 16:23:19 +0000",
      "minecraft:beach": "2024-11-17 15:36:39 +0000",
      "minecraft:sparse_jungle": "2024-11-17 16:20:50 +0000",
      "minecraft:lukewarm_ocean": "2024-11-17 16:19:51 +0000",
      "minecraft:river": "2024-11-17 15:37:32 +0000",
      "minecraft:stony_shore": "2024-11-17 15:36:48 +0000",
      "minecraft:dripstone_caves": "2024-11-17 16:45:29 +0000",
      "minecraft:desert": "2024-11-17 16:39:48 +0000",
      "minecraft:jungle": "2024-11-17 16:38:15 +0000",
      "minecraft:ocean": "2024-11-17 16:01:40 +0000",
      "minecraft:deep_lukewarm_ocean": "2024-11-17 16:18:46 +0000",
      "minecraft:flower_forest": "2024-11-17 15:37:36 +0000",
      "minecraft:plains": "2024-11-17 16:04:45 +0000"
    },
    "done": false
  },
  "DataVersion": 3120
}