{
  "idas:idas_root": {
    "criteria": {
      "always": "2024-11-17 15:32:47 +0000"
    },
    "done": true
  },
  "betteranimalsplus:bad_fox": {
    "criteria": {
      "no_bam": "2024-11-17 15:33:00 +0000"
    },
    "done": false
  },
  "create:root": {
    "criteria": {
      "0": "2024-11-17 15:32:47 +0000"
    },
    "done": true
  },
  "minecraft:husbandry/root": {
    "criteria": {
      "consumed_item": "2024-11-17 15:38:00 +0000"
    },
    "done": true
  },
  "mekanismadditions:hurt_by_babies": {
    "criteria": {
      "baby_skeleton": "2024-11-17 15:37:51 +0000"
    },
    "done": false
  },
  "minecraft:story/upgrade_tools": {
    "criteria": {
      "stone_pickaxe": "2024-11-17 15:41:06 +0000"
    },
    "done": true
  },
  "weaponmaster:parts/root": {
    "criteria": {
      "crafting_table": "2024-11-17 15:32:47 +0000"
    },
    "done": true
  },
  "minecraft:story/root": {
    "criteria": {
      "crafting_table": "2024-11-17 15:34:30 +0000"
    },
    "done": true
  },
  "mekanism:root": {
    "criteria": {
      "automatic": "2024-11-17 15:32:47 +0000"
    },
    "done": true
  },
  "minecraft:husbandry/balanced_diet": {
    "criteria": {
      "cooked_mutton": "2024-11-17 15:50:57 +0000",
      "apple": "2024-11-17 15:38:00 +0000"
    },
    "done": false
  },
  "quark:get_all_blossom_saplings": {
    "criteria": {
      "yellow": "2024-11-17 15:36:28 +0000"
    },
    "done": false
  },
  "betteranimalsplus:root": {
    "criteria": {
      "tick": "2024-11-17 15:32:47 +0000"
    },
    "done": true
  },
  "minecraft:story/mine_stone": {
    "criteria": {
      "get_stone": "2024-11-17 15:39:38 +0000"
    },
    "done": true
  },
  "minecraft:adventure/root": {
    "criteria": {
      "killed_something": "2024-11-17 15:37:40 +0000"
    },
    "done": true
  },
  "eeeabsmobs:eeeabsmobs/root": {
    "criteria": {
      "requirement": "2024-11-17 15:32:47 +0000"
    },
    "done": true
  },
  "minecraft:adventure/adventuring_time": {
    "criteria": {
      "minecraft:snowy_slopes": "2024-11-17 15:53:46 +0000",
      "minecraft:sunflower_plains": "2024-11-17 15:32:48 +0000",
      "minecraft:beach": "2024-11-17 15:36:39 +0000",
      "minecraft:river": "2024-11-17 15:37:32 +0000",
      "minecraft:stony_shore": "2024-11-17 15:36:48 +0000",
      "minecraft:flower_forest": "2024-11-17 15:37:36 +0000"
    },
    "done": false
  },
  "DataVersion": 3120
}