{
  "idas:idas_root": {
    "criteria": {
      "always": "2024-11-18 04:37:04 +0000"
    },
    "done": true
  },
  "minecraft:adventure/sleep_in_bed": {
    "criteria": {
      "slept_in_bed": "2024-11-18 04:54:53 +0000"
    },
    "done": true
  },
  "betteranimalsplus:bad_fox": {
    "criteria": {
      "no_bam": "2024-11-18 04:37:11 +0000"
    },
    "done": false
  },
  "create:root": {
    "criteria": {
      "0": "2024-11-18 04:37:03 +0000"
    },
    "done": true
  },
  "minecraft:husbandry/root": {
    "criteria": {
      "consumed_item": "2024-11-18 05:25:45 +0000"
    },
    "done": true
  },
  "weaponmaster:parts/root": {
    "criteria": {
      "crafting_table": "2024-11-18 04:37:03 +0000"
    },
    "done": true
  },
  "mekanism:root": {
    "criteria": {
      "automatic": "2024-11-18 04:37:03 +0000"
    },
    "done": true
  },
  "minecraft:story/obtain_armor": {
    "criteria": {
      "iron_leggings": "2024-11-18 05:19:57 +0000"
    },
    "done": true
  },
  "minecraft:husbandry/balanced_diet": {
    "criteria": {
      "apple": "2024-11-18 05:25:45 +0000"
    },
    "done": false
  },
  "betteranimalsplus:root": {
    "criteria": {
      "tick": "2024-11-18 04:37:04 +0000"
    },
    "done": true
  },
  "minecraft:adventure/root": {
    "criteria": {
      "killed_by_something": "2024-11-18 04:52:31 +0000"
    },
    "done": true
  },
  "eeeabsmobs:eeeabsmobs/root": {
    "criteria": {
      "requirement": "2024-11-18 04:37:04 +0000"
    },
    "done": true
  },
  "minecraft:adventure/adventuring_time": {
    "criteria": {
      "minecraft:sunflower_plains": "2024-11-18 04:37:04 +0000",
      "minecraft:bamboo_jungle": "2024-11-18 04:57:31 +0000",
      "minecraft:wooded_badlands": "2024-11-18 04:56:46 +0000",
      "minecraft:sparse_jungle": "2024-11-18 04:57:19 +0000",
      "minecraft:dripstone_caves": "2024-11-18 04:52:49 +0000",
      "minecraft:desert": "2024-11-18 04:53:21 +0000"
    },
    "done": false
  },
  "DataVersion": 3120
}